[{"dayName" : "Mon", "dayOrder" : 1, "isWeekend" : 0, "orders" : 5458, "revenue" : 1839693468.58, "avgOrderValue" : 337063.66, "varianceFromAvg" : 1.46}, {"dayName" : "Tue", "dayOrder" : 2, "isWeekend" : 0, "orders" : 5462, "revenue" : 1850841790.49, "avgOrderValue" : 338857.89, "varianceFromAvg" : 1.54}, {"dayName" : "Wed", "dayOrder" : 3, "isWeekend" : 0, "orders" : 5323, "revenue" : 1774954435.30, "avgOrderValue" : 333450.02, "varianceFromAvg" : -1.05}, {"dayName" : "Thu", "dayOrder" : 4, "isWeekend" : 0, "orders" : 5427, "revenue" : 1802737929.59, "avgOrderValue" : 332179.46, "varianceFromAvg" : 0.89}, {"dayName" : "Fri", "dayOrder" : 5, "isWeekend" : 0, "orders" : 5343, "revenue" : 1817791903.75, "avgOrderValue" : 340219.33, "varianceFromAvg" : -0.67}, {"dayName" : "Sat", "dayOrder" : 6, "isWeekend" : 1, "orders" : 5386, "revenue" : 1798288584.76, "avgOrderValue" : 333882.02, "varianceFromAvg" : 0.12}, {"dayName" : "Sun", "dayOrder" : 7, "isWeekend" : 1, "orders" : 5256, "revenue" : 1760310596.88, "avgOrderValue" : 334914.50, "varianceFromAvg" : -2.29}]
