[{"month" : "Oct", "year" : 2025, "revenue" : 71650181.91, "orders" : 69, "customers" : 69, "avgOrderValue" : 402529.11, "momGrowth" : -96.13, "yoyGrowth" : -96.13}, {"month" : "Sep", "year" : 2025, "revenue" : 1851912803.53, "orders" : 1785, "customers" : 1753, "avgOrderValue" : 410714.75, "momGrowth" : 0.12, "yoyGrowth" : 0.08}, {"month" : "Aug", "year" : 2025, "revenue" : 1849617064.69, "orders" : 1837, "customers" : 1807, "avgOrderValue" : 404553.16, "momGrowth" : -0.88, "yoyGrowth" : 6.81}, {"month" : "Jul", "year" : 2025, "revenue" : 1866006892.15, "orders" : 1816, "customers" : 1782, "avgOrderValue" : 408763.83, "momGrowth" : -0.10, "yoyGrowth" : 3.54}, {"month" : "Jun", "year" : 2025, "revenue" : 1867849930.39, "orders" : 1808, "customers" : 1772, "avgOrderValue" : 412875.76, "momGrowth" : 0.94, "yoyGrowth" : 5.64}, {"month" : "May", "year" : 2025, "revenue" : 1850422721.05, "orders" : 1784, "customers" : 1751, "avgOrderValue" : 411296.45, "momGrowth" : 2.82, "yoyGrowth" : 4.39}, {"month" : "Apr", "year" : 2025, "revenue" : 1799682548.19, "orders" : 1793, "customers" : 1759, "avgOrderValue" : 402613.55, "momGrowth" : -0.92, "yoyGrowth" : 6.95}, {"month" : "Mar", "year" : 2025, "revenue" : 1816381363.19, "orders" : 1802, "customers" : 1770, "avgOrderValue" : 400172.14, "momGrowth" : 12.38, "yoyGrowth" : -3.77}, {"month" : "Feb", "year" : 2025, "revenue" : 1616276433.32, "orders" : 1594, "customers" : 1571, "avgOrderValue" : 406917.53, "momGrowth" : -11.82, "yoyGrowth" : -3.22}, {"month" : "Jan", "year" : 2025, "revenue" : 1832959821.26, "orders" : 1863, "customers" : 1824, "avgOrderValue" : 396658.69, "momGrowth" : 2.01, "yoyGrowth" : -0.44}, {"month" : "Dec", "year" : 2024, "revenue" : 1796899237.06, "orders" : 1757, "customers" : 1730, "avgOrderValue" : 405712.18, "momGrowth" : -2.52, "yoyGrowth" : null}, {"month" : "Nov", "year" : 2024, "revenue" : 1843290760.18, "orders" : 1823, "customers" : 1782, "avgOrderValue" : 402114.04, "momGrowth" : -0.44, "yoyGrowth" : null}]
