[{"paymentMode" : "Cash", "transactionCount" : 7491, "orderCount" : 7491, "totalAmount" : 2557930518.85, "avgTransactionAmount" : 341467.16, "pctOfRevenue" : 20.23, "pctOfTransactions" : 19.89}, {"paymentMode" : "Credit Card", "transactionCount" : 7607, "orderCount" : 7607, "totalAmount" : 2542913099.68, "avgTransactionAmount" : 334285.93, "pctOfRevenue" : 20.11, "pctOfTransactions" : 20.20}, {"paymentMode" : "Net Banking", "transactionCount" : 7459, "orderCount" : 7459, "totalAmount" : 2519001379.54, "avgTransactionAmount" : 337713.02, "pctOfRevenue" : 19.92, "pctOfTransactions" : 19.81}, {"paymentMode" : "UPI", "transactionCount" : 7541, "orderCount" : 7541, "totalAmount" : 2516469789.85, "avgTransactionAmount" : 333705.05, "pctOfRevenue" : 19.90, "pctOfTransactions" : 20.03}, {"paymentMode" : "Debit Card", "transactionCount" : 7557, "orderCount" : 7557, "totalAmount" : 2508303921.43, "avgTransactionAmount" : 331917.95, "pctOfRevenue" : 19.84, "pctOfTransactions" : 20.07}]
