[{"date" : "2025-12-31", "dayName" : "Wed", "isWeekend" : 0, "orders" : 0, "revenue" : 0, "avgOrderValue" : 0, "movingAvg7Day" : 0.00}, {"date" : "2025-12-30", "dayName" : "Tue", "isWeekend" : 0, "orders" : 0, "revenue" : 0, "avgOrderValue" : 0, "movingAvg7Day" : 0.00}, {"date" : "2025-12-29", "dayName" : "Mon", "isWeekend" : 0, "orders" : 0, "revenue" : 0, "avgOrderValue" : 0, "movingAvg7Day" : 0.00}, {"date" : "2025-12-28", "dayName" : "Sun", "isWeekend" : 1, "orders" : 0, "revenue" : 0, "avgOrderValue" : 0, "movingAvg7Day" : 0.00}, {"date" : "2025-12-27", "dayName" : "Sat", "isWeekend" : 1, "orders" : 0, "revenue" : 0, "avgOrderValue" : 0, "movingAvg7Day" : 0.00}, {"date" : "2025-12-26", "dayName" : "Fri", "isWeekend" : 0, "orders" : 0, "revenue" : 0, "avgOrderValue" : 0, "movingAvg7Day" : 0.00}, {"date" : "2025-12-25", "dayName" : "Thu", "isWeekend" : 0, "orders" : 0, "revenue" : 0, "avgOrderValue" : 0, "movingAvg7Day" : 0.00}, {"date" : "2025-12-24", "dayName" : "Wed", "isWeekend" : 0, "orders" : 0, "revenue" : 0, "avgOrderValue" : 0, "movingAvg7Day" : 0.00}, {"date" : "2025-12-23", "dayName" : "Tue", "isWeekend" : 0, "orders" : 0, "revenue" : 0, "avgOrderValue" : 0, "movingAvg7Day" : 0.00}, {"date" : "2025-12-22", "dayName" : "Mon", "isWeekend" : 0, "orders" : 0, "revenue" : 0, "avgOrderValue" : 0, "movingAvg7Day" : 0.00}, {"date" : "2025-12-21", "dayName" : "Sun", "isWeekend" : 1, "orders" : 0, "revenue" : 0, "avgOrderValue" : 0, "movingAvg7Day" : 0.00}, {"date" : "2025-12-20", "dayName" : "Sat", "isWeekend" : 1, "orders" : 0, "revenue" : 0, "avgOrderValue" : 0, "movingAvg7Day" : 0.00}, {"date" : "2025-12-19", "dayName" : "Fri", "isWeekend" : 0, "orders" : 0, "revenue" : 0, "avgOrderValue" : 0, "movingAvg7Day" : 0.00}, {"date" : "2025-12-18", "dayName" : "Thu", "isWeekend" : 0, "orders" : 0, "revenue" : 0, "avgOrderValue" : 0, "movingAvg7Day" : 0.00}, {"date" : "2025-12-17", "dayName" : "Wed", "isWeekend" : 0, "orders" : 0, "revenue" : 0, "avgOrderValue" : 0, "movingAvg7Day" : 0.00}, {"date" : "2025-12-16", "dayName" : "Tue", "isWeekend" : 0, "orders" : 0, "revenue" : 0, "avgOrderValue" : 0, "movingAvg7Day" : 0.00}, {"date" : "2025-12-15", "dayName" : "Mon", "isWeekend" : 0, "orders" : 0, "revenue" : 0, "avgOrderValue" : 0, "movingAvg7Day" : 0.00}, {"date" : "2025-12-14", "dayName" : "Sun", "isWeekend" : 1, "orders" : 0, "revenue" : 0, "avgOrderValue" : 0, "movingAvg7Day" : 0.00}, {"date" : "2025-12-13", "dayName" : "Sat", "isWeekend" : 1, "orders" : 0, "revenue" : 0, "avgOrderValue" : 0, "movingAvg7Day" : 0.00}, {"date" : "2025-12-12", "dayName" : "Fri", "isWeekend" : 0, "orders" : 0, "revenue" : 0, "avgOrderValue" : 0, "movingAvg7Day" : 0.00}, {"date" : "2025-12-11", "dayName" : "Thu", "isWeekend" : 0, "orders" : 0, "revenue" : 0, "avgOrderValue" : 0, "movingAvg7Day" : 0.00}, {"date" : "2025-12-10", "dayName" : "Wed", "isWeekend" : 0, "orders" : 0, "revenue" : 0, "avgOrderValue" : 0, "movingAvg7Day" : 0.00}, {"date" : "2025-12-09", "dayName" : "Tue", "isWeekend" : 0, "orders" : 0, "revenue" : 0, "avgOrderValue" : 0, "movingAvg7Day" : 0.00}, {"date" : "2025-12-08", "dayName" : "Mon", "isWeekend" : 0, "orders" : 0, "revenue" : 0, "avgOrderValue" : 0, "movingAvg7Day" : 0.00}, {"date" : "2025-12-07", "dayName" : "Sun", "isWeekend" : 1, "orders" : 0, "revenue" : 0, "avgOrderValue" : 0, "movingAvg7Day" : 0.00}, {"date" : "2025-12-06", "dayName" : "Sat", "isWeekend" : 1, "orders" : 0, "revenue" : 0, "avgOrderValue" : 0, "movingAvg7Day" : 0.00}, {"date" : "2025-12-05", "dayName" : "Fri", "isWeekend" : 0, "orders" : 0, "revenue" : 0, "avgOrderValue" : 0, "movingAvg7Day" : 0.00}, {"date" : "2025-12-04", "dayName" : "Thu", "isWeekend" : 0, "orders" : 0, "revenue" : 0, "avgOrderValue" : 0, "movingAvg7Day" : 0.00}, {"date" : "2025-12-03", "dayName" : "Wed", "isWeekend" : 0, "orders" : 0, "revenue" : 0, "avgOrderValue" : 0, "movingAvg7Day" : 0.00}, {"date" : "2025-12-02", "dayName" : "Tue", "isWeekend" : 0, "orders" : 0, "revenue" : 0, "avgOrderValue" : 0, "movingAvg7Day" : 0.00}, {"date" : "2025-12-01", "dayName" : "Mon", "isWeekend" : 0, "orders" : 0, "revenue" : 0, "avgOrderValue" : 0, "movingAvg7Day" : 0.00}, {"date" : "2025-11-30", "dayName" : "Sun", "isWeekend" : 1, "orders" : 0, "revenue" : 0, "avgOrderValue" : 0, "movingAvg7Day" : 0.00}, {"date" : "2025-11-29", "dayName" : "Sat", "isWeekend" : 1, "orders" : 0, "revenue" : 0, "avgOrderValue" : 0, "movingAvg7Day" : 0.00}, {"date" : "2025-11-28", "dayName" : "Fri", "isWeekend" : 0, "orders" : 0, "revenue" : 0, "avgOrderValue" : 0, "movingAvg7Day" : 0.00}, {"date" : "2025-11-27", "dayName" : "Thu", "isWeekend" : 0, "orders" : 0, "revenue" : 0, "avgOrderValue" : 0, "movingAvg7Day" : 0.00}, {"date" : "2025-11-26", "dayName" : "Wed", "isWeekend" : 0, "orders" : 0, "revenue" : 0, "avgOrderValue" : 0, "movingAvg7Day" : 0.00}, {"date" : "2025-11-25", "dayName" : "Tue", "isWeekend" : 0, "orders" : 0, "revenue" : 0, "avgOrderValue" : 0, "movingAvg7Day" : 0.00}, {"date" : "2025-11-24", "dayName" : "Mon", "isWeekend" : 0, "orders" : 0, "revenue" : 0, "avgOrderValue" : 0, "movingAvg7Day" : 0.00}, {"date" : "2025-11-23", "dayName" : "Sun", "isWeekend" : 1, "orders" : 0, "revenue" : 0, "avgOrderValue" : 0, "movingAvg7Day" : 0.00}, {"date" : "2025-11-22", "dayName" : "Sat", "isWeekend" : 1, "orders" : 0, "revenue" : 0, "avgOrderValue" : 0, "movingAvg7Day" : 0.00}, {"date" : "2025-11-21", "dayName" : "Fri", "isWeekend" : 0, "orders" : 0, "revenue" : 0, "avgOrderValue" : 0, "movingAvg7Day" : 0.00}, {"date" : "2025-11-20", "dayName" : "Thu", "isWeekend" : 0, "orders" : 0, "revenue" : 0, "avgOrderValue" : 0, "movingAvg7Day" : 0.00}, {"date" : "2025-11-19", "dayName" : "Wed", "isWeekend" : 0, "orders" : 0, "revenue" : 0, "avgOrderValue" : 0, "movingAvg7Day" : 0.00}, {"date" : "2025-11-18", "dayName" : "Tue", "isWeekend" : 0, "orders" : 0, "revenue" : 0, "avgOrderValue" : 0, "movingAvg7Day" : 0.00}, {"date" : "2025-11-17", "dayName" : "Mon", "isWeekend" : 0, "orders" : 0, "revenue" : 0, "avgOrderValue" : 0, "movingAvg7Day" : 0.00}, {"date" : "2025-11-16", "dayName" : "Sun", "isWeekend" : 1, "orders" : 0, "revenue" : 0, "avgOrderValue" : 0, "movingAvg7Day" : 0.00}, {"date" : "2025-11-15", "dayName" : "Sat", "isWeekend" : 1, "orders" : 0, "revenue" : 0, "avgOrderValue" : 0, "movingAvg7Day" : 0.00}, {"date" : "2025-11-14", "dayName" : "Fri", "isWeekend" : 0, "orders" : 0, "revenue" : 0, "avgOrderValue" : 0, "movingAvg7Day" : 0.00}, {"date" : "2025-11-13", "dayName" : "Thu", "isWeekend" : 0, "orders" : 0, "revenue" : 0, "avgOrderValue" : 0, "movingAvg7Day" : 0.00}, {"date" : "2025-11-12", "dayName" : "Wed", "isWeekend" : 0, "orders" : 0, "revenue" : 0, "avgOrderValue" : 0, "movingAvg7Day" : 0.00}, {"date" : "2025-11-11", "dayName" : "Tue", "isWeekend" : 0, "orders" : 0, "revenue" : 0, "avgOrderValue" : 0, "movingAvg7Day" : 0.00}, {"date" : "2025-11-10", "dayName" : "Mon", "isWeekend" : 0, "orders" : 0, "revenue" : 0, "avgOrderValue" : 0, "movingAvg7Day" : 0.00}, {"date" : "2025-11-09", "dayName" : "Sun", "isWeekend" : 1, "orders" : 0, "revenue" : 0, "avgOrderValue" : 0, "movingAvg7Day" : 0.00}, {"date" : "2025-11-08", "dayName" : "Sat", "isWeekend" : 1, "orders" : 0, "revenue" : 0, "avgOrderValue" : 0, "movingAvg7Day" : 0.00}, {"date" : "2025-11-07", "dayName" : "Fri", "isWeekend" : 0, "orders" : 0, "revenue" : 0, "avgOrderValue" : 0, "movingAvg7Day" : 0.00}, {"date" : "2025-11-06", "dayName" : "Thu", "isWeekend" : 0, "orders" : 0, "revenue" : 0, "avgOrderValue" : 0, "movingAvg7Day" : 0.00}, {"date" : "2025-11-05", "dayName" : "Wed", "isWeekend" : 0, "orders" : 0, "revenue" : 0, "avgOrderValue" : 0, "movingAvg7Day" : 0.00}, {"date" : "2025-11-04", "dayName" : "Tue", "isWeekend" : 0, "orders" : 0, "revenue" : 0, "avgOrderValue" : 0, "movingAvg7Day" : 0.00}, {"date" : "2025-11-03", "dayName" : "Mon", "isWeekend" : 0, "orders" : 0, "revenue" : 0, "avgOrderValue" : 0, "movingAvg7Day" : 0.00}, {"date" : "2025-11-02", "dayName" : "Sun", "isWeekend" : 1, "orders" : 0, "revenue" : 0, "avgOrderValue" : 0, "movingAvg7Day" : 0.00}, {"date" : "2025-11-01", "dayName" : "Sat", "isWeekend" : 1, "orders" : 0, "revenue" : 0, "avgOrderValue" : 0, "movingAvg7Day" : 0.00}, {"date" : "2025-10-31", "dayName" : "Fri", "isWeekend" : 0, "orders" : 0, "revenue" : 0, "avgOrderValue" : 0, "movingAvg7Day" : 0.00}, {"date" : "2025-10-30", "dayName" : "Thu", "isWeekend" : 0, "orders" : 0, "revenue" : 0, "avgOrderValue" : 0, "movingAvg7Day" : 0.00}, {"date" : "2025-10-29", "dayName" : "Wed", "isWeekend" : 0, "orders" : 0, "revenue" : 0, "avgOrderValue" : 0, "movingAvg7Day" : 0.00}, {"date" : "2025-10-28", "dayName" : "Tue", "isWeekend" : 0, "orders" : 0, "revenue" : 0, "avgOrderValue" : 0, "movingAvg7Day" : 0.00}, {"date" : "2025-10-27", "dayName" : "Mon", "isWeekend" : 0, "orders" : 0, "revenue" : 0, "avgOrderValue" : 0, "movingAvg7Day" : 0.00}, {"date" : "2025-10-26", "dayName" : "Sun", "isWeekend" : 1, "orders" : 0, "revenue" : 0, "avgOrderValue" : 0, "movingAvg7Day" : 0.00}, {"date" : "2025-10-25", "dayName" : "Sat", "isWeekend" : 1, "orders" : 0, "revenue" : 0, "avgOrderValue" : 0, "movingAvg7Day" : 0.00}, {"date" : "2025-10-24", "dayName" : "Fri", "isWeekend" : 0, "orders" : 0, "revenue" : 0, "avgOrderValue" : 0, "movingAvg7Day" : 0.00}, {"date" : "2025-10-23", "dayName" : "Thu", "isWeekend" : 0, "orders" : 0, "revenue" : 0, "avgOrderValue" : 0, "movingAvg7Day" : 0.00}, {"date" : "2025-10-22", "dayName" : "Wed", "isWeekend" : 0, "orders" : 0, "revenue" : 0, "avgOrderValue" : 0, "movingAvg7Day" : 0.00}, {"date" : "2025-10-21", "dayName" : "Tue", "isWeekend" : 0, "orders" : 0, "revenue" : 0, "avgOrderValue" : 0, "movingAvg7Day" : 0.00}, {"date" : "2025-10-20", "dayName" : "Mon", "isWeekend" : 0, "orders" : 0, "revenue" : 0, "avgOrderValue" : 0, "movingAvg7Day" : 0.00}, {"date" : "2025-10-19", "dayName" : "Sun", "isWeekend" : 1, "orders" : 0, "revenue" : 0, "avgOrderValue" : 0, "movingAvg7Day" : 0.00}, {"date" : "2025-10-18", "dayName" : "Sat", "isWeekend" : 1, "orders" : 0, "revenue" : 0, "avgOrderValue" : 0, "movingAvg7Day" : 0.00}, {"date" : "2025-10-17", "dayName" : "Fri", "isWeekend" : 0, "orders" : 0, "revenue" : 0, "avgOrderValue" : 0, "movingAvg7Day" : 0.00}, {"date" : "2025-10-16", "dayName" : "Thu", "isWeekend" : 0, "orders" : 0, "revenue" : 0, "avgOrderValue" : 0, "movingAvg7Day" : 0.00}, {"date" : "2025-10-15", "dayName" : "Wed", "isWeekend" : 0, "orders" : 0, "revenue" : 0, "avgOrderValue" : 0, "movingAvg7Day" : 0.00}, {"date" : "2025-10-14", "dayName" : "Tue", "isWeekend" : 0, "orders" : 0, "revenue" : 0, "avgOrderValue" : 0, "movingAvg7Day" : 0.00}, {"date" : "2025-10-13", "dayName" : "Mon", "isWeekend" : 0, "orders" : 0, "revenue" : 0, "avgOrderValue" : 0, "movingAvg7Day" : 0.00}, {"date" : "2025-10-12", "dayName" : "Sun", "isWeekend" : 1, "orders" : 0, "revenue" : 0, "avgOrderValue" : 0, "movingAvg7Day" : 0.00}, {"date" : "2025-10-11", "dayName" : "Sat", "isWeekend" : 1, "orders" : 0, "revenue" : 0, "avgOrderValue" : 0, "movingAvg7Day" : 0.00}, {"date" : "2025-10-10", "dayName" : "Fri", "isWeekend" : 0, "orders" : 0, "revenue" : 0, "avgOrderValue" : 0, "movingAvg7Day" : 0.00}, {"date" : "2025-10-09", "dayName" : "Thu", "isWeekend" : 0, "orders" : 0, "revenue" : 0, "avgOrderValue" : 0, "movingAvg7Day" : 0.00}, {"date" : "2025-10-08", "dayName" : "Wed", "isWeekend" : 0, "orders" : 0, "revenue" : 0, "avgOrderValue" : 0, "movingAvg7Day" : 0.00}, {"date" : "2025-10-07", "dayName" : "Tue", "isWeekend" : 0, "orders" : 0, "revenue" : 0, "avgOrderValue" : 0, "movingAvg7Day" : 10235740.27}, {"date" : "2025-10-06", "dayName" : "Mon", "isWeekend" : 0, "orders" : 0, "revenue" : 0, "avgOrderValue" : 0, "movingAvg7Day" : 20377087.96}, {"date" : "2025-10-05", "dayName" : "Sun", "isWeekend" : 1, "orders" : 0, "revenue" : 0, "avgOrderValue" : 0, "movingAvg7Day" : 30208851.27}, {"date" : "2025-10-04", "dayName" : "Sat", "isWeekend" : 1, "orders" : 0, "revenue" : 0, "avgOrderValue" : 0, "movingAvg7Day" : 39036144.34}, {"date" : "2025-10-03", "dayName" : "Fri", "isWeekend" : 0, "orders" : 0, "revenue" : 0, "avgOrderValue" : 0, "movingAvg7Day" : 46896456.36}, {"date" : "2025-10-02", "dayName" : "Thu", "isWeekend" : 0, "orders" : 0, "revenue" : 0, "avgOrderValue" : 0, "movingAvg7Day" : 54384194.90}, {"date" : "2025-10-01", "dayName" : "Wed", "isWeekend" : 0, "orders" : 69, "revenue" : 71650181.91, "avgOrderValue" : 402529.111853932584, "movingAvg7Day" : 63318203.20}, {"date" : "2025-09-30", "dayName" : "Tue", "isWeekend" : 0, "orders" : 76, "revenue" : 70989433.83, "avgOrderValue" : 364048.378615384615, "movingAvg7Day" : 61433959.03}, {"date" : "2025-09-29", "dayName" : "Mon", "isWeekend" : 0, "orders" : 64, "revenue" : 68822343.12, "avgOrderValue" : 412109.839041916168, "movingAvg7Day" : 59428819.13}, {"date" : "2025-09-28", "dayName" : "Sun", "isWeekend" : 1, "orders" : 60, "revenue" : 61791051.50, "avgOrderValue" : 401240.594155844156, "movingAvg7Day" : 59823410.16}, {"date" : "2025-09-27", "dayName" : "Sat", "isWeekend" : 1, "orders" : 61, "revenue" : 55022184.14, "avgOrderValue" : 384770.518461538462, "movingAvg7Day" : 59554744.57}, {"date" : "2025-09-26", "dayName" : "Fri", "isWeekend" : 0, "orders" : 48, "revenue" : 52414169.82, "avgOrderValue" : 451846.291551724138, "movingAvg7Day" : 58895953.89}, {"date" : "2025-09-25", "dayName" : "Thu", "isWeekend" : 0, "orders" : 55, "revenue" : 62538058.09, "avgOrderValue" : 428342.863630136986, "movingAvg7Day" : 60536306.83}, {"date" : "2025-09-24", "dayName" : "Wed", "isWeekend" : 0, "orders" : 55, "revenue" : 58460472.70, "avgOrderValue" : 397690.290476190476, "movingAvg7Day" : 61377700.27}, {"date" : "2025-09-23", "dayName" : "Tue", "isWeekend" : 0, "orders" : 62, "revenue" : 56953454.53, "avgOrderValue" : 369827.626818181818, "movingAvg7Day" : 58951727.11}, {"date" : "2025-09-22", "dayName" : "Mon", "isWeekend" : 0, "orders" : 63, "revenue" : 71584480.35, "avgOrderValue" : 426098.097321428571, "movingAvg7Day" : 59050079.20}, {"date" : "2025-09-21", "dayName" : "Sun", "isWeekend" : 1, "orders" : 58, "revenue" : 59910392.33, "avgOrderValue" : 407553.689319727891, "movingAvg7Day" : 60335995.56}, {"date" : "2025-09-20", "dayName" : "Sat", "isWeekend" : 1, "orders" : 49, "revenue" : 50410649.38, "avgOrderValue" : 400084.518888888889, "movingAvg7Day" : 60469028.60}, {"date" : "2025-09-19", "dayName" : "Fri", "isWeekend" : 0, "orders" : 68, "revenue" : 63896640.41, "avgOrderValue" : 396873.542919254658, "movingAvg7Day" : 61256261.06}, {"date" : "2025-09-18", "dayName" : "Thu", "isWeekend" : 0, "orders" : 59, "revenue" : 68427812.19, "avgOrderValue" : 444336.442792207792, "movingAvg7Day" : 62376192.88}, {"date" : "2025-09-17", "dayName" : "Wed", "isWeekend" : 0, "orders" : 50, "revenue" : 41478660.57, "avgOrderValue" : 370345.183660714286, "movingAvg7Day" : 63079593.49}, {"date" : "2025-09-16", "dayName" : "Tue", "isWeekend" : 0, "orders" : 51, "revenue" : 57641919.17, "avgOrderValue" : 426977.179037037037, "movingAvg7Day" : 65965659.02}, {"date" : "2025-09-15", "dayName" : "Mon", "isWeekend" : 0, "orders" : 63, "revenue" : 80585894.86, "avgOrderValue" : 476839.614556213018, "movingAvg7Day" : 65822186.38}, {"date" : "2025-09-14", "dayName" : "Sun", "isWeekend" : 1, "orders" : 57, "revenue" : 60841623.64, "avgOrderValue" : 416723.449589041096, "movingAvg7Day" : 64773220.83}, {"date" : "2025-09-13", "dayName" : "Sat", "isWeekend" : 1, "orders" : 64, "revenue" : 55921276.58, "avgOrderValue" : 363125.172597402597, "movingAvg7Day" : 64860948.43}, {"date" : "2025-09-12", "dayName" : "Fri", "isWeekend" : 0, "orders" : 68, "revenue" : 71736163.17, "avgOrderValue" : 417070.716104651163, "movingAvg7Day" : 66719420.57}, {"date" : "2025-09-11", "dayName" : "Thu", "isWeekend" : 0, "orders" : 77, "revenue" : 73351616.44, "avgOrderValue" : 409785.566703910615, "movingAvg7Day" : 65810039.28}, {"date" : "2025-09-10", "dayName" : "Wed", "isWeekend" : 0, "orders" : 51, "revenue" : 61681119.26, "avgOrderValue" : 434374.079295774648, "movingAvg7Day" : 62722230.13}, {"date" : "2025-09-09", "dayName" : "Tue", "isWeekend" : 0, "orders" : 53, "revenue" : 56637610.72, "avgOrderValue" : 410417.468985507246, "movingAvg7Day" : 63102369.14}, {"date" : "2025-09-08", "dayName" : "Mon", "isWeekend" : 0, "orders" : 68, "revenue" : 73243136.01, "avgOrderValue" : 423370.728381502890, "movingAvg7Day" : 63091689.64}, {"date" : "2025-09-07", "dayName" : "Sun", "isWeekend" : 1, "orders" : 65, "revenue" : 61455716.83, "avgOrderValue" : 384098.230187500000, "movingAvg7Day" : 59653234.39}, {"date" : "2025-09-06", "dayName" : "Sat", "isWeekend" : 1, "orders" : 60, "revenue" : 68930581.58, "avgOrderValue" : 465747.172837837838, "movingAvg7Day" : 57747547.35}, {"date" : "2025-09-05", "dayName" : "Fri", "isWeekend" : 0, "orders" : 64, "revenue" : 65370494.13, "avgOrderValue" : 389110.084107142857, "movingAvg7Day" : 55702930.72}, {"date" : "2025-09-04", "dayName" : "Thu", "isWeekend" : 0, "orders" : 48, "revenue" : 51736952.40, "avgOrderValue" : 420625.629268292683, "movingAvg7Day" : 55431913.13}, {"date" : "2025-09-03", "dayName" : "Wed", "isWeekend" : 0, "orders" : 56, "revenue" : 64342092.29, "avgOrderValue" : 428947.281933333333, "movingAvg7Day" : 56915585.90}, {"date" : "2025-09-02", "dayName" : "Tue", "isWeekend" : 0, "orders" : 62, "revenue" : 56562854.25, "avgOrderValue" : 395544.435314685315, "movingAvg7Day" : 58997435.04}, {"date" : "2025-09-01", "dayName" : "Mon", "isWeekend" : 0, "orders" : 50, "revenue" : 49173949.24, "avgOrderValue" : 413226.464201680672, "movingAvg7Day" : 58764974.71}, {"date" : "2025-08-31", "dayName" : "Sun", "isWeekend" : 1, "orders" : 67, "revenue" : 48115907.53, "avgOrderValue" : 312440.957987012987, "movingAvg7Day" : 59008057.73}, {"date" : "2025-08-30", "dayName" : "Sat", "isWeekend" : 1, "orders" : 61, "revenue" : 54618265.22, "avgOrderValue" : 364121.768133333333, "movingAvg7Day" : 60064293.43}, {"date" : "2025-08-29", "dayName" : "Fri", "isWeekend" : 0, "orders" : 64, "revenue" : 63473370.95, "avgOrderValue" : 396708.568437500000, "movingAvg7Day" : 58615356.24}, {"date" : "2025-08-28", "dayName" : "Thu", "isWeekend" : 0, "orders" : 70, "revenue" : 62122661.85, "avgOrderValue" : 388266.636562500000, "movingAvg7Day" : 56361310.52}, {"date" : "2025-08-27", "dayName" : "Wed", "isWeekend" : 0, "orders" : 64, "revenue" : 78915036.23, "avgOrderValue" : 450943.064171428571, "movingAvg7Day" : 57670297.21}, {"date" : "2025-08-26", "dayName" : "Tue", "isWeekend" : 0, "orders" : 55, "revenue" : 54935631.94, "avgOrderValue" : 392397.371000000000, "movingAvg7Day" : 54125309.27}, {"date" : "2025-08-25", "dayName" : "Mon", "isWeekend" : 0, "orders" : 59, "revenue" : 50875530.36, "avgOrderValue" : 339170.202400000000, "movingAvg7Day" : 55789832.36}, {"date" : "2025-08-24", "dayName" : "Sun", "isWeekend" : 1, "orders" : 52, "revenue" : 55509557.45, "avgOrderValue" : 414250.428731343284, "movingAvg7Day" : 59488330.66}, {"date" : "2025-08-23", "dayName" : "Sat", "isWeekend" : 1, "orders" : 49, "revenue" : 44475704.93, "avgOrderValue" : 386745.260260869565, "movingAvg7Day" : 58156966.42}, {"date" : "2025-08-22", "dayName" : "Fri", "isWeekend" : 0, "orders" : 52, "revenue" : 47695050.86, "avgOrderValue" : 387764.641138211382, "movingAvg7Day" : 60175273.48}, {"date" : "2025-08-21", "dayName" : "Thu", "isWeekend" : 0, "orders" : 66, "revenue" : 71285568.69, "avgOrderValue" : 396030.937166666667, "movingAvg7Day" : 60008168.62}, {"date" : "2025-08-20", "dayName" : "Wed", "isWeekend" : 0, "orders" : 58, "revenue" : 54100120.65, "avgOrderValue" : 380986.765140845070, "movingAvg7Day" : 58923092.02}, {"date" : "2025-08-19", "dayName" : "Tue", "isWeekend" : 0, "orders" : 58, "revenue" : 66587293.58, "avgOrderValue" : 438074.299868421053, "movingAvg7Day" : 59580314.60}, {"date" : "2025-08-18", "dayName" : "Mon", "isWeekend" : 0, "orders" : 57, "revenue" : 76765018.46, "avgOrderValue" : 476801.356894409938, "movingAvg7Day" : 60321957.79}, {"date" : "2025-08-17", "dayName" : "Sun", "isWeekend" : 1, "orders" : 50, "revenue" : 46190007.76, "avgOrderValue" : 398189.722068965517, "movingAvg7Day" : 58437042.89}, {"date" : "2025-08-16", "dayName" : "Sat", "isWeekend" : 1, "orders" : 58, "revenue" : 58603854.34, "avgOrderValue" : 409817.163216783217, "movingAvg7Day" : 59015458.58}, {"date" : "2025-08-15", "dayName" : "Fri", "isWeekend" : 0, "orders" : 43, "revenue" : 46525316.85, "avgOrderValue" : 408116.814473684211, "movingAvg7Day" : 58331459.43}, {"date" : "2025-08-14", "dayName" : "Thu", "isWeekend" : 0, "orders" : 60, "revenue" : 63690032.47, "avgOrderValue" : 430338.057229729730, "movingAvg7Day" : 59913536.17}, {"date" : "2025-08-13", "dayName" : "Wed", "isWeekend" : 0, "orders" : 53, "revenue" : 58700678.71, "avgOrderValue" : 428472.107372262774, "movingAvg7Day" : 59277730.97}, {"date" : "2025-08-12", "dayName" : "Tue", "isWeekend" : 0, "orders" : 69, "revenue" : 71778795.95, "avgOrderValue" : 419759.040643274854, "movingAvg7Day" : 62352229.14}, {"date" : "2025-08-11", "dayName" : "Mon", "isWeekend" : 0, "orders" : 58, "revenue" : 63570614.17, "avgOrderValue" : 438418.028758620690, "movingAvg7Day" : 61740284.44}, {"date" : "2025-08-10", "dayName" : "Sun", "isWeekend" : 1, "orders" : 51, "revenue" : 50238917.54, "avgOrderValue" : 389448.973178294574, "movingAvg7Day" : 60522133.82}, {"date" : "2025-08-09", "dayName" : "Sat", "isWeekend" : 1, "orders" : 62, "revenue" : 53815860.31, "avgOrderValue" : 392816.498613138686, "movingAvg7Day" : 61989591.63}, {"date" : "2025-08-08", "dayName" : "Fri", "isWeekend" : 0, "orders" : 69, "revenue" : 57599854.05, "avgOrderValue" : 364556.038291139241, "movingAvg7Day" : 64010742.99}, {"date" : "2025-08-07", "dayName" : "Thu", "isWeekend" : 0, "orders" : 60, "revenue" : 59239396.08, "avgOrderValue" : 411384.695000000000, "movingAvg7Day" : 64204059.12}, {"date" : "2025-08-06", "dayName" : "Wed", "isWeekend" : 0, "orders" : 66, "revenue" : 80222165.91, "avgOrderValue" : 443216.386243093923, "movingAvg7Day" : 62903289.60}, {"date" : "2025-08-05", "dayName" : "Tue", "isWeekend" : 0, "orders" : 59, "revenue" : 67495183.05, "avgOrderValue" : 438280.409415584416, "movingAvg7Day" : 59352723.08}, {"date" : "2025-08-04", "dayName" : "Mon", "isWeekend" : 0, "orders" : 56, "revenue" : 55043559.80, "avgOrderValue" : 416996.665151515152, "movingAvg7Day" : 60007065.30}, {"date" : "2025-08-03", "dayName" : "Sun", "isWeekend" : 1, "orders" : 63, "revenue" : 60511122.20, "avgOrderValue" : 392929.364935064935, "movingAvg7Day" : 59362205.56}, {"date" : "2025-08-02", "dayName" : "Sat", "isWeekend" : 1, "orders" : 64, "revenue" : 67963919.85, "avgOrderValue" : 427446.036792452830, "movingAvg7Day" : 61666296.24}, {"date" : "2025-08-01", "dayName" : "Fri", "isWeekend" : 0, "orders" : 64, "revenue" : 58953066.95, "avgOrderValue" : 382812.123051948052, "movingAvg7Day" : 60756896.37}, {"date" : "2025-07-31", "dayName" : "Thu", "isWeekend" : 0, "orders" : 61, "revenue" : 50134009.44, "avgOrderValue" : 345751.789241379310, "movingAvg7Day" : 61493259.01}, {"date" : "2025-07-30", "dayName" : "Wed", "isWeekend" : 0, "orders" : 65, "revenue" : 55368200.29, "avgOrderValue" : 354924.360833333333, "movingAvg7Day" : 62126924.49}, {"date" : "2025-07-29", "dayName" : "Tue", "isWeekend" : 0, "orders" : 68, "revenue" : 72075578.59, "avgOrderValue" : 423973.991705882353, "movingAvg7Day" : 60927042.61}, {"date" : "2025-07-28", "dayName" : "Mon", "isWeekend" : 0, "orders" : 43, "revenue" : 50529541.59, "avgOrderValue" : 443241.592894736842, "movingAvg7Day" : 60735246.22}, {"date" : "2025-07-27", "dayName" : "Sun", "isWeekend" : 1, "orders" : 63, "revenue" : 76639757.00, "avgOrderValue" : 453489.686390532544, "movingAvg7Day" : 61003778.64}, {"date" : "2025-07-26", "dayName" : "Sat", "isWeekend" : 1, "orders" : 64, "revenue" : 61598120.73, "avgOrderValue" : 375598.297134146341, "movingAvg7Day" : 59610129.24}, {"date" : "2025-07-25", "dayName" : "Fri", "isWeekend" : 0, "orders" : 60, "revenue" : 64107605.46, "avgOrderValue" : 398183.884844720497, "movingAvg7Day" : 59116320.05}, {"date" : "2025-07-24", "dayName" : "Thu", "isWeekend" : 0, "orders" : 53, "revenue" : 54569667.74, "avgOrderValue" : 410298.253684210526, "movingAvg7Day" : 58822807.24}, {"date" : "2025-07-23", "dayName" : "Wed", "isWeekend" : 0, "orders" : 39, "revenue" : 46969027.16, "avgOrderValue" : 465039.872871287129, "movingAvg7Day" : 58642376.92}, {"date" : "2025-07-22", "dayName" : "Tue", "isWeekend" : 0, "orders" : 62, "revenue" : 70733003.87, "avgOrderValue" : 447677.239683544304, "movingAvg7Day" : 58736154.40}, {"date" : "2025-07-21", "dayName" : "Mon", "isWeekend" : 0, "orders" : 54, "revenue" : 52409268.49, "avgOrderValue" : 397039.912803030303, "movingAvg7Day" : 56668121.22}, {"date" : "2025-07-20", "dayName" : "Sun", "isWeekend" : 1, "orders" : 60, "revenue" : 66884211.25, "avgOrderValue" : 434313.060064935065, "movingAvg7Day" : 56234829.40}, {"date" : "2025-07-19", "dayName" : "Sat", "isWeekend" : 1, "orders" : 61, "revenue" : 58141456.37, "avgOrderValue" : 390211.116577181208, "movingAvg7Day" : 58499796.50}, {"date" : "2025-07-18", "dayName" : "Fri", "isWeekend" : 0, "orders" : 64, "revenue" : 62053015.77, "avgOrderValue" : 395242.138662420382, "movingAvg7Day" : 58021621.02}, {"date" : "2025-07-17", "dayName" : "Thu", "isWeekend" : 0, "orders" : 58, "revenue" : 53306655.53, "avgOrderValue" : 386280.112536231884, "movingAvg7Day" : 59372641.67}, {"date" : "2025-07-16", "dayName" : "Wed", "isWeekend" : 0, "orders" : 60, "revenue" : 47625469.53, "avgOrderValue" : 358086.237067669173, "movingAvg7Day" : 60028502.42}, {"date" : "2025-07-15", "dayName" : "Tue", "isWeekend" : 0, "orders" : 54, "revenue" : 56256771.58, "avgOrderValue" : 390672.024861111111, "movingAvg7Day" : 62253093.33}, {"date" : "2025-07-14", "dayName" : "Mon", "isWeekend" : 0, "orders" : 55, "revenue" : 49376225.78, "avgOrderValue" : 382761.440155038760, "movingAvg7Day" : 62746642.25}, {"date" : "2025-07-13", "dayName" : "Sun", "isWeekend" : 1, "orders" : 76, "revenue" : 82738980.94, "avgOrderValue" : 437772.385925925926, "movingAvg7Day" : 65940939.84}, {"date" : "2025-07-12", "dayName" : "Sat", "isWeekend" : 1, "orders" : 60, "revenue" : 54794228.04, "avgOrderValue" : 362875.682384105960, "movingAvg7Day" : 65048207.46}, {"date" : "2025-07-11", "dayName" : "Fri", "isWeekend" : 0, "orders" : 58, "revenue" : 71510160.27, "avgOrderValue" : 461355.872709677419, "movingAvg7Day" : 63472137.07}, {"date" : "2025-07-10", "dayName" : "Thu", "isWeekend" : 0, "orders" : 63, "revenue" : 57897680.78, "avgOrderValue" : 402067.227638888889, "movingAvg7Day" : 63458482.05}, {"date" : "2025-07-09", "dayName" : "Wed", "isWeekend" : 0, "orders" : 52, "revenue" : 63197605.93, "avgOrderValue" : 454659.035467625899, "movingAvg7Day" : 62545704.37}, {"date" : "2025-07-08", "dayName" : "Tue", "isWeekend" : 0, "orders" : 57, "revenue" : 59711614.03, "avgOrderValue" : 395441.152516556291, "movingAvg7Day" : 60539017.44}, {"date" : "2025-07-07", "dayName" : "Mon", "isWeekend" : 0, "orders" : 63, "revenue" : 71736308.86, "avgOrderValue" : 440100.054355828221, "movingAvg7Day" : 61054148.00}, {"date" : "2025-07-06", "dayName" : "Sun", "isWeekend" : 1, "orders" : 65, "revenue" : 76489854.28, "avgOrderValue" : 452602.688047337278, "movingAvg7Day" : 60701576.06}, {"date" : "2025-07-05", "dayName" : "Sat", "isWeekend" : 1, "orders" : 57, "revenue" : 43761735.33, "avgOrderValue" : 350093.882640000000, "movingAvg7Day" : 56768323.49}, {"date" : "2025-07-04", "dayName" : "Fri", "isWeekend" : 0, "orders" : 57, "revenue" : 71414575.13, "avgOrderValue" : 482530.913040540541, "movingAvg7Day" : 56673022.52}, {"date" : "2025-07-03", "dayName" : "Thu", "isWeekend" : 0, "orders" : 52, "revenue" : 51508237.03, "avgOrderValue" : 412065.896240000000, "movingAvg7Day" : 54377214.37}, {"date" : "2025-07-02", "dayName" : "Wed", "isWeekend" : 0, "orders" : 54, "revenue" : 49150797.44, "avgOrderValue" : 353602.859280575540, "movingAvg7Day" : 57142437.14}, {"date" : "2025-07-01", "dayName" : "Tue", "isWeekend" : 0, "orders" : 58, "revenue" : 63317527.92, "avgOrderValue" : 395734.549500000000, "movingAvg7Day" : 58269161.26}, {"date" : "2025-06-30", "dayName" : "Mon", "isWeekend" : 0, "orders" : 56, "revenue" : 69268305.31, "avgOrderValue" : 449794.190324675325, "movingAvg7Day" : 56775700.12}, {"date" : "2025-06-29", "dayName" : "Sun", "isWeekend" : 1, "orders" : 58, "revenue" : 48957086.27, "avgOrderValue" : 373718.215801526718, "movingAvg7Day" : 57898865.28}, {"date" : "2025-06-28", "dayName" : "Sat", "isWeekend" : 1, "orders" : 50, "revenue" : 43094628.56, "avgOrderValue" : 384773.469285714286, "movingAvg7Day" : 58425200.81}, {"date" : "2025-06-27", "dayName" : "Fri", "isWeekend" : 0, "orders" : 53, "revenue" : 55343918.03, "avgOrderValue" : 413014.313656716418, "movingAvg7Day" : 61728952.32}, {"date" : "2025-06-26", "dayName" : "Thu", "isWeekend" : 0, "orders" : 59, "revenue" : 70864796.47, "avgOrderValue" : 454261.515833333333, "movingAvg7Day" : 63511277.52}, {"date" : "2025-06-25", "dayName" : "Wed", "isWeekend" : 0, "orders" : 57, "revenue" : 57037866.26, "avgOrderValue" : 410344.361582733813, "movingAvg7Day" : 62885281.83}, {"date" : "2025-06-24", "dayName" : "Tue", "isWeekend" : 0, "orders" : 56, "revenue" : 52863299.95, "avgOrderValue" : 362077.396917808219, "movingAvg7Day" : 61935957.00}, {"date" : "2025-06-23", "dayName" : "Mon", "isWeekend" : 0, "orders" : 65, "revenue" : 77130461.41, "avgOrderValue" : 485097.241572327044, "movingAvg7Day" : 63226483.69}, {"date" : "2025-06-22", "dayName" : "Sun", "isWeekend" : 1, "orders" : 57, "revenue" : 52641434.97, "avgOrderValue" : 387069.374779411765, "movingAvg7Day" : 60909154.07}, {"date" : "2025-06-21", "dayName" : "Sat", "isWeekend" : 1, "orders" : 60, "revenue" : 66220889.14, "avgOrderValue" : 427231.542838709677, "movingAvg7Day" : 62562697.89}, {"date" : "2025-06-20", "dayName" : "Fri", "isWeekend" : 0, "orders" : 68, "revenue" : 67820194.43, "avgOrderValue" : 413537.770914634146, "movingAvg7Day" : 61648150.08}, {"date" : "2025-06-19", "dayName" : "Thu", "isWeekend" : 0, "orders" : 59, "revenue" : 66482826.68, "avgOrderValue" : 446193.467651006711, "movingAvg7Day" : 59590801.97}, {"date" : "2025-06-18", "dayName" : "Wed", "isWeekend" : 0, "orders" : 66, "revenue" : 50392592.39, "avgOrderValue" : 342806.750952380952, "movingAvg7Day" : 56144789.61}, {"date" : "2025-06-17", "dayName" : "Tue", "isWeekend" : 0, "orders" : 67, "revenue" : 61896986.83, "avgOrderValue" : 377420.651402439024, "movingAvg7Day" : 61896986.83}]
