[{"brand" : "Castrol", "category" : "Automotive", "productCount" : 7, "revenue" : 477752288.2250000000000000000000, "unitsSold" : 10572, "avgRating" : 2.56, "reviewCount" : 2321, "categoryMarketShare" : 16.90, "categoryRank" : 1}, {"brand" : "Mi", "category" : "Electronics", "productCount" : 10, "revenue" : 475020797.7500000000000000000000, "unitsSold" : 10424, "avgRating" : 1.99, "reviewCount" : 1584, "categoryMarketShare" : 9.17, "categoryRank" : 1}, {"brand" : "Levis", "category" : "Fashion", "productCount" : 10, "revenue" : 464889523.8250000000000000000000, "unitsSold" : 10361, "avgRating" : 4.33, "reviewCount" : 926, "categoryMarketShare" : 9.05, "categoryRank" : 1}, {"brand" : "Parle", "category" : "Grocery", "productCount" : 10, "revenue" : 464346480.0750000000000000000000, "unitsSold" : 10248, "avgRating" : 3.46, "reviewCount" : 894, "categoryMarketShare" : 10.72, "categoryRank" : 1}, {"brand" : "Britannia", "category" : "Grocery", "productCount" : 10, "revenue" : 463831422.1750000000000000000000, "unitsSold" : 10230, "avgRating" : 3.68, "reviewCount" : 889, "categoryMarketShare" : 10.70, "categoryRank" : 2}, {"brand" : "Apple", "category" : "Electronics", "productCount" : 10, "revenue" : 462626878.8750000000000000000000, "unitsSold" : 10198, "avgRating" : 3.65, "reviewCount" : 1884, "categoryMarketShare" : 8.93, "categoryRank" : 2}, {"brand" : "OnePlus", "category" : "Electronics", "productCount" : 10, "revenue" : 460250285.4750000000000000000000, "unitsSold" : 10275, "avgRating" : 4.00, "reviewCount" : 1229, "categoryMarketShare" : 8.88, "categoryRank" : 3}, {"brand" : "Samsung", "category" : "Electronics", "productCount" : 10, "revenue" : 460185436.4750000000000000000000, "unitsSold" : 10344, "avgRating" : 2.75, "reviewCount" : 1248, "categoryMarketShare" : 8.88, "categoryRank" : 4}, {"brand" : "Zara", "category" : "Fashion", "productCount" : 10, "revenue" : 457552149.8500000000000000000000, "unitsSold" : 10140, "avgRating" : 3.09, "reviewCount" : 1904, "categoryMarketShare" : 8.91, "categoryRank" : 2}, {"brand" : "Tata", "category" : "Grocery", "productCount" : 10, "revenue" : 452939011.9750000000000000000000, "unitsSold" : 10125, "avgRating" : 3.39, "reviewCount" : 1534, "categoryMarketShare" : 10.45, "categoryRank" : 3}, {"brand" : "Adidas", "category" : "Fashion", "productCount" : 10, "revenue" : 450389192.2500000000000000000000, "unitsSold" : 9889, "avgRating" : 3.25, "reviewCount" : 1192, "categoryMarketShare" : 8.77, "categoryRank" : 3}, {"brand" : "Aashirvaad", "category" : "Grocery", "productCount" : 10, "revenue" : 450273547.4000000000000000000000, "unitsSold" : 10040, "avgRating" : 3.28, "reviewCount" : 907, "categoryMarketShare" : 10.39, "categoryRank" : 4}, {"brand" : "L'Oreal", "category" : "Personal Care", "productCount" : 9, "revenue" : 433217675.4250000000000000000000, "unitsSold" : 9724, "avgRating" : 2.01, "reviewCount" : 2400, "categoryMarketShare" : 11.11, "categoryRank" : 1}, {"brand" : "Dell", "category" : "Electronics", "productCount" : 10, "revenue" : 432986759.8000000000000000000000, "unitsSold" : 9472, "avgRating" : 2.00, "reviewCount" : 310, "categoryMarketShare" : 8.35, "categoryRank" : 5}, {"brand" : "Puma", "category" : "Fashion", "productCount" : 10, "revenue" : 430709954.1000000000000000000000, "unitsSold" : 9440, "avgRating" : null, "reviewCount" : 0, "categoryMarketShare" : 8.38, "categoryRank" : 4}, {"brand" : "Uniqlo", "category" : "Fashion", "productCount" : 10, "revenue" : 429881147.5000000000000000000000, "unitsSold" : 9638, "avgRating" : 3.51, "reviewCount" : 1270, "categoryMarketShare" : 8.37, "categoryRank" : 5}, {"brand" : "Nivea", "category" : "Personal Care", "productCount" : 9, "revenue" : 428654061.5250000000000000000000, "unitsSold" : 9383, "avgRating" : 3.33, "reviewCount" : 894, "categoryMarketShare" : 10.99, "categoryRank" : 2}, {"brand" : "Reynolds", "category" : "Stationery", "productCount" : 9, "revenue" : 425802974.8000000000000000000000, "unitsSold" : 9298, "avgRating" : 2.50, "reviewCount" : 606, "categoryMarketShare" : 13.87, "categoryRank" : 1}, {"brand" : "HP", "category" : "Electronics", "productCount" : 10, "revenue" : 425770594.3500000000000000000000, "unitsSold" : 9368, "avgRating" : 2.94, "reviewCount" : 605, "categoryMarketShare" : 8.22, "categoryRank" : 6}, {"brand" : "Havells", "category" : "Home Appliances", "productCount" : 9, "revenue" : 424851541.4750000000000000000000, "unitsSold" : 9234, "avgRating" : 2.76, "reviewCount" : 1326, "categoryMarketShare" : 10.91, "categoryRank" : 1}, {"brand" : "Van Heusen", "category" : "Fashion", "productCount" : 10, "revenue" : 424346566.1750000000000000000000, "unitsSold" : 9530, "avgRating" : 2.53, "reviewCount" : 1241, "categoryMarketShare" : 8.26, "categoryRank" : 6}, {"brand" : "H&M", "category" : "Fashion", "productCount" : 10, "revenue" : 421054215.3250000000000000000000, "unitsSold" : 9227, "avgRating" : 4.00, "reviewCount" : 326, "categoryMarketShare" : 8.20, "categoryRank" : 7}, {"brand" : "Ponds", "category" : "Personal Care", "productCount" : 9, "revenue" : 420922896.5250000000000000000000, "unitsSold" : 9452, "avgRating" : 2.47, "reviewCount" : 1261, "categoryMarketShare" : 10.80, "categoryRank" : 3}, {"brand" : "Patanjali", "category" : "Grocery", "productCount" : 10, "revenue" : 419398623.0000000000000000000000, "unitsSold" : 9314, "avgRating" : 1.35, "reviewCount" : 933, "categoryMarketShare" : 9.68, "categoryRank" : 5}, {"brand" : "Boat", "category" : "Electronics", "productCount" : 10, "revenue" : 418451456.9750000000000000000000, "unitsSold" : 9258, "avgRating" : 3.68, "reviewCount" : 919, "categoryMarketShare" : 8.07, "categoryRank" : 7}, {"brand" : "Whirlpool", "category" : "Home Appliances", "productCount" : 9, "revenue" : 418249248.6750000000000000000000, "unitsSold" : 9387, "avgRating" : 2.32, "reviewCount" : 1908, "categoryMarketShare" : 10.74, "categoryRank" : 2}, {"brand" : "Fortune", "category" : "Grocery", "productCount" : 10, "revenue" : 418192812.7000000000000000000000, "unitsSold" : 9331, "avgRating" : 2.50, "reviewCount" : 640, "categoryMarketShare" : 9.65, "categoryRank" : 6}, {"brand" : "Amul", "category" : "Grocery", "productCount" : 10, "revenue" : 417960224.1000000000000000000000, "unitsSold" : 9300, "avgRating" : 3.96, "reviewCount" : 605, "categoryMarketShare" : 9.65, "categoryRank" : 7}, {"brand" : "Nestle", "category" : "Grocery", "productCount" : 10, "revenue" : 417715742.1750000000000000000000, "unitsSold" : 9420, "avgRating" : 2.21, "reviewCount" : 1551, "categoryMarketShare" : 9.64, "categoryRank" : 8}, {"brand" : "Bata", "category" : "Fashion", "productCount" : 10, "revenue" : 417290207.7250000000000000000000, "unitsSold" : 9310, "avgRating" : 3.00, "reviewCount" : 333, "categoryMarketShare" : 8.12, "categoryRank" : 8}, {"brand" : "Ikea", "category" : "Furniture", "productCount" : 9, "revenue" : 417146557.6500000000000000000000, "unitsSold" : 9184, "avgRating" : 3.00, "reviewCount" : 602, "categoryMarketShare" : 15.66, "categoryRank" : 1}, {"brand" : "Mother Dairy", "category" : "Grocery", "productCount" : 10, "revenue" : 415539642.9750000000000000000000, "unitsSold" : 9160, "avgRating" : 2.97, "reviewCount" : 589, "categoryMarketShare" : 9.59, "categoryRank" : 9}, {"brand" : "FabIndia", "category" : "Fashion", "productCount" : 10, "revenue" : 414051739.5000000000000000000000, "unitsSold" : 9340, "avgRating" : 2.08, "reviewCount" : 610, "categoryMarketShare" : 8.06, "categoryRank" : 9}, {"brand" : "Lenovo", "category" : "Electronics", "productCount" : 10, "revenue" : 413233699.5750000000000000000000, "unitsSold" : 9071, "avgRating" : 2.00, "reviewCount" : 283, "categoryMarketShare" : 7.97, "categoryRank" : 8}, {"brand" : "ITC", "category" : "Grocery", "productCount" : 10, "revenue" : 413062289.4000000000000000000000, "unitsSold" : 9443, "avgRating" : 3.94, "reviewCount" : 621, "categoryMarketShare" : 9.53, "categoryRank" : 10}, {"brand" : "Nike", "category" : "Fashion", "productCount" : 10, "revenue" : 413039014.5000000000000000000000, "unitsSold" : 9307, "avgRating" : 2.00, "reviewCount" : 938, "categoryMarketShare" : 8.04, "categoryRank" : 10}, {"brand" : "Asus", "category" : "Electronics", "productCount" : 10, "revenue" : 412764797.0000000000000000000000, "unitsSold" : 9067, "avgRating" : 3.06, "reviewCount" : 1205, "categoryMarketShare" : 7.96, "categoryRank" : 9}, {"brand" : "Philips", "category" : "Electronics", "productCount" : 10, "revenue" : 411868382.8500000000000000000000, "unitsSold" : 9284, "avgRating" : 3.56, "reviewCount" : 957, "categoryMarketShare" : 7.95, "categoryRank" : 10}, {"brand" : "Allen Solly", "category" : "Fashion", "productCount" : 10, "revenue" : 410978595.4000000000000000000000, "unitsSold" : 9089, "avgRating" : 2.00, "reviewCount" : 295, "categoryMarketShare" : 8.00, "categoryRank" : 11}, {"brand" : "Crompton", "category" : "Home Appliances", "productCount" : 9, "revenue" : 410087195.2750000000000000000000, "unitsSold" : 9293, "avgRating" : 3.01, "reviewCount" : 1285, "categoryMarketShare" : 10.53, "categoryRank" : 3}, {"brand" : "Faber-Castell", "category" : "Stationery", "productCount" : 9, "revenue" : 406911483.6500000000000000000000, "unitsSold" : 9144, "avgRating" : 3.47, "reviewCount" : 1241, "categoryMarketShare" : 13.26, "categoryRank" : 2}, {"brand" : "Sony", "category" : "Electronics", "productCount" : 10, "revenue" : 405404178.1250000000000000000000, "unitsSold" : 9193, "avgRating" : 3.74, "reviewCount" : 1242, "categoryMarketShare" : 7.82, "categoryRank" : 11}, {"brand" : "LG", "category" : "Electronics", "productCount" : 10, "revenue" : 403980779.1500000000000000000000, "unitsSold" : 9002, "avgRating" : 3.34, "reviewCount" : 858, "categoryMarketShare" : 7.80, "categoryRank" : 12}, {"brand" : "Raymond", "category" : "Fashion", "productCount" : 10, "revenue" : 403146476.8000000000000000000000, "unitsSold" : 9054, "avgRating" : 3.08, "reviewCount" : 613, "categoryMarketShare" : 7.85, "categoryRank" : 12}, {"brand" : "Philips", "category" : "Home Appliances", "productCount" : 9, "revenue" : 399312616.8500000000000000000000, "unitsSold" : 9012, "avgRating" : 2.49, "reviewCount" : 1877, "categoryMarketShare" : 10.25, "categoryRank" : 4}, {"brand" : "Nilkamal", "category" : "Furniture", "productCount" : 9, "revenue" : 397841277.2250000000000000000000, "unitsSold" : 9153, "avgRating" : 4.00, "reviewCount" : 932, "categoryMarketShare" : 14.94, "categoryRank" : 2}, {"brand" : "Godrej Interio", "category" : "Furniture", "productCount" : 9, "revenue" : 396696665.9750000000000000000000, "unitsSold" : 8794, "avgRating" : 2.50, "reviewCount" : 647, "categoryMarketShare" : 14.90, "categoryRank" : 3}, {"brand" : "Adidas", "category" : "Sports", "productCount" : 9, "revenue" : 389159657.9500000000000000000000, "unitsSold" : 8611, "avgRating" : 2.51, "reviewCount" : 606, "categoryMarketShare" : 10.39, "categoryRank" : 1}, {"brand" : "Cosco", "category" : "Sports", "productCount" : 9, "revenue" : 388731122.7500000000000000000000, "unitsSold" : 8535, "avgRating" : 5.00, "reviewCount" : 303, "categoryMarketShare" : 10.38, "categoryRank" : 2}, {"brand" : "Classmate", "category" : "Stationery", "productCount" : 9, "revenue" : 385238229.8750000000000000000000, "unitsSold" : 8642, "avgRating" : 3.04, "reviewCount" : 944, "categoryMarketShare" : 12.55, "categoryRank" : 3}, {"brand" : "Bata", "category" : "Footwear", "productCount" : 7, "revenue" : 384189816.3000000000000000000000, "unitsSold" : 8475, "avgRating" : 2.19, "reviewCount" : 1909, "categoryMarketShare" : 15.28, "categoryRank" : 1}, {"brand" : "Nivia", "category" : "Sports", "productCount" : 9, "revenue" : 383142999.9000000000000000000000, "unitsSold" : 8399, "avgRating" : 1.00, "reviewCount" : 600, "categoryMarketShare" : 10.23, "categoryRank" : 3}, {"brand" : "Mamaearth", "category" : "Personal Care", "productCount" : 9, "revenue" : 381557871.1250000000000000000000, "unitsSold" : 8340, "avgRating" : 2.49, "reviewCount" : 622, "categoryMarketShare" : 9.79, "categoryRank" : 4}, {"brand" : "Blue Star", "category" : "Home Appliances", "productCount" : 9, "revenue" : 380453039.6500000000000000000000, "unitsSold" : 8404, "avgRating" : 3.64, "reviewCount" : 977, "categoryMarketShare" : 9.77, "categoryRank" : 5}, {"brand" : "SG", "category" : "Sports", "productCount" : 9, "revenue" : 380426545.5000000000000000000000, "unitsSold" : 8509, "avgRating" : 2.36, "reviewCount" : 950, "categoryMarketShare" : 10.16, "categoryRank" : 4}, {"brand" : "Colgate", "category" : "Personal Care", "productCount" : 9, "revenue" : 380214524.0750000000000000000000, "unitsSold" : 8495, "avgRating" : 2.63, "reviewCount" : 958, "categoryMarketShare" : 9.75, "categoryRank" : 5}, {"brand" : "Dove", "category" : "Personal Care", "productCount" : 9, "revenue" : 378874503.0250000000000000000000, "unitsSold" : 8308, "avgRating" : 1.00, "reviewCount" : 912, "categoryMarketShare" : 9.72, "categoryRank" : 6}, {"brand" : "Navneet", "category" : "Stationery", "productCount" : 9, "revenue" : 378300660.1750000000000000000000, "unitsSold" : 8366, "avgRating" : 2.01, "reviewCount" : 596, "categoryMarketShare" : 12.33, "categoryRank" : 4}, {"brand" : "Luxor", "category" : "Stationery", "productCount" : 9, "revenue" : 377270301.4750000000000000000000, "unitsSold" : 8331, "avgRating" : 2.03, "reviewCount" : 887, "categoryMarketShare" : 12.29, "categoryRank" : 5}, {"brand" : "Godrej", "category" : "Home Appliances", "productCount" : 9, "revenue" : 375828535.7500000000000000000000, "unitsSold" : 8422, "avgRating" : 1.00, "reviewCount" : 585, "categoryMarketShare" : 9.65, "categoryRank" : 6}, {"brand" : "Li-Ning", "category" : "Sports", "productCount" : 9, "revenue" : 375723669.3500000000000000000000, "unitsSold" : 8391, "avgRating" : 2.57, "reviewCount" : 1243, "categoryMarketShare" : 10.03, "categoryRank" : 5}, {"brand" : "IFB", "category" : "Home Appliances", "productCount" : 9, "revenue" : 374499761.0500000000000000000000, "unitsSold" : 8145, "avgRating" : null, "reviewCount" : 0, "categoryMarketShare" : 9.61, "categoryRank" : 7}, {"brand" : "Cello", "category" : "Stationery", "productCount" : 9, "revenue" : 374054106.5000000000000000000000, "unitsSold" : 8400, "avgRating" : 2.96, "reviewCount" : 977, "categoryMarketShare" : 12.19, "categoryRank" : 6}, {"brand" : "Wow", "category" : "Personal Care", "productCount" : 9, "revenue" : 372953514.1250000000000000000000, "unitsSold" : 8241, "avgRating" : 3.00, "reviewCount" : 293, "categoryMarketShare" : 9.57, "categoryRank" : 7}, {"brand" : "Yonex", "category" : "Sports", "productCount" : 9, "revenue" : 371344428.6750000000000000000000, "unitsSold" : 8402, "avgRating" : 4.00, "reviewCount" : 323, "categoryMarketShare" : 9.92, "categoryRank" : 6}, {"brand" : "Kenstar", "category" : "Home Appliances", "productCount" : 9, "revenue" : 371116547.3750000000000000000000, "unitsSold" : 8233, "avgRating" : 2.00, "reviewCount" : 296, "categoryMarketShare" : 9.53, "categoryRank" : 8}, {"brand" : "Bajaj", "category" : "Home Appliances", "productCount" : 9, "revenue" : 370552811.3750000000000000000000, "unitsSold" : 8394, "avgRating" : 3.45, "reviewCount" : 622, "categoryMarketShare" : 9.51, "categoryRank" : 9}, {"brand" : "Voltas", "category" : "Home Appliances", "productCount" : 9, "revenue" : 370494068.6750000000000000000000, "unitsSold" : 8316, "avgRating" : 2.71, "reviewCount" : 1218, "categoryMarketShare" : 9.51, "categoryRank" : 10}, {"brand" : "Sensodyne", "category" : "Personal Care", "productCount" : 9, "revenue" : 370083522.3000000000000000000000, "unitsSold" : 8192, "avgRating" : null, "reviewCount" : 0, "categoryMarketShare" : 9.49, "categoryRank" : 8}, {"brand" : "Garnier", "category" : "Personal Care", "productCount" : 9, "revenue" : 369387907.1250000000000000000000, "unitsSold" : 8187, "avgRating" : 4.50, "reviewCount" : 629, "categoryMarketShare" : 9.47, "categoryRank" : 9}, {"brand" : "Reebok", "category" : "Sports", "productCount" : 9, "revenue" : 369052676.6750000000000000000000, "unitsSold" : 8278, "avgRating" : 5.00, "reviewCount" : 927, "categoryMarketShare" : 9.85, "categoryRank" : 7}, {"brand" : "Decathlon", "category" : "Sports", "productCount" : 9, "revenue" : 364958651.3250000000000000000000, "unitsSold" : 8165, "avgRating" : 3.99, "reviewCount" : 633, "categoryMarketShare" : 9.75, "categoryRank" : 8}, {"brand" : "Durian", "category" : "Furniture", "productCount" : 9, "revenue" : 364647266.0750000000000000000000, "unitsSold" : 8231, "avgRating" : 3.00, "reviewCount" : 605, "categoryMarketShare" : 13.69, "categoryRank" : 4}, {"brand" : "Hometown", "category" : "Furniture", "productCount" : 9, "revenue" : 364437643.5750000000000000000000, "unitsSold" : 8162, "avgRating" : 5.00, "reviewCount" : 325, "categoryMarketShare" : 13.68, "categoryRank" : 5}, {"brand" : "Camlin", "category" : "Stationery", "productCount" : 9, "revenue" : 363841793.3750000000000000000000, "unitsSold" : 8271, "avgRating" : 2.41, "reviewCount" : 653, "categoryMarketShare" : 11.86, "categoryRank" : 7}, {"brand" : "Himalaya", "category" : "Personal Care", "productCount" : 9, "revenue" : 362951149.4250000000000000000000, "unitsSold" : 8163, "avgRating" : 2.00, "reviewCount" : 285, "categoryMarketShare" : 9.31, "categoryRank" : 10}, {"brand" : "Urban Ladder", "category" : "Furniture", "productCount" : 9, "revenue" : 361714297.5250000000000000000000, "unitsSold" : 8065, "avgRating" : null, "reviewCount" : 0, "categoryMarketShare" : 13.58, "categoryRank" : 6}, {"brand" : "Nike", "category" : "Sports", "productCount" : 9, "revenue" : 361383644.9000000000000000000000, "unitsSold" : 8272, "avgRating" : 2.02, "reviewCount" : 648, "categoryMarketShare" : 9.65, "categoryRank" : 9}, {"brand" : "Puma", "category" : "Sports", "productCount" : 9, "revenue" : 361057425.1750000000000000000000, "unitsSold" : 8161, "avgRating" : 3.00, "reviewCount" : 308, "categoryMarketShare" : 9.64, "categoryRank" : 10}, {"brand" : "Pepperfry", "category" : "Furniture", "productCount" : 9, "revenue" : 360567917.0750000000000000000000, "unitsSold" : 8133, "avgRating" : 1.49, "reviewCount" : 611, "categoryMarketShare" : 13.54, "categoryRank" : 7}, {"brand" : "Pilot", "category" : "Stationery", "productCount" : 9, "revenue" : 357529369.0500000000000000000000, "unitsSold" : 8085, "avgRating" : 3.56, "reviewCount" : 576, "categoryMarketShare" : 11.65, "categoryRank" : 8}, {"brand" : "Logitech G", "category" : "Gaming", "productCount" : 6, "revenue" : 347268856.8250000000000000000000, "unitsSold" : 7657, "avgRating" : 4.20, "reviewCount" : 1583, "categoryMarketShare" : 22.23, "categoryRank" : 1}, {"brand" : "Red Chief", "category" : "Footwear", "productCount" : 7, "revenue" : 339563217.1500000000000000000000, "unitsSold" : 7372, "avgRating" : 2.29, "reviewCount" : 923, "categoryMarketShare" : 13.50, "categoryRank" : 2}, {"brand" : "Sparx", "category" : "Footwear", "productCount" : 7, "revenue" : 337824868.7250000000000000000000, "unitsSold" : 7541, "avgRating" : 3.65, "reviewCount" : 919, "categoryMarketShare" : 13.43, "categoryRank" : 3}, {"brand" : "Lego", "category" : "Toys", "productCount" : 7, "revenue" : 335169203.9750000000000000000000, "unitsSold" : 7503, "avgRating" : 2.24, "reviewCount" : 1230, "categoryMarketShare" : 15.76, "categoryRank" : 1}, {"brand" : "Barbie", "category" : "Toys", "productCount" : 7, "revenue" : 329312804.4750000000000000000000, "unitsSold" : 7370, "avgRating" : 3.36, "reviewCount" : 918, "categoryMarketShare" : 15.49, "categoryRank" : 2}, {"brand" : "BlueStone", "category" : "Jewellery", "productCount" : 7, "revenue" : 317135787.9000000000000000000000, "unitsSold" : 7192, "avgRating" : 2.31, "reviewCount" : 922, "categoryMarketShare" : 15.15, "categoryRank" : 1}, {"brand" : "Reliance Jewels", "category" : "Jewellery", "productCount" : 7, "revenue" : 314175679.2000000000000000000000, "unitsSold" : 6940, "avgRating" : 2.00, "reviewCount" : 874, "categoryMarketShare" : 15.01, "categoryRank" : 2}, {"brand" : "TVS", "category" : "Automotive", "productCount" : 7, "revenue" : 309710241.6250000000000000000000, "unitsSold" : 6893, "avgRating" : 2.97, "reviewCount" : 1297, "categoryMarketShare" : 10.95, "categoryRank" : 2}, {"brand" : "Play-Doh", "category" : "Toys", "productCount" : 7, "revenue" : 308658852.4500000000000000000000, "unitsSold" : 6944, "avgRating" : 2.99, "reviewCount" : 867, "categoryMarketShare" : 14.52, "categoryRank" : 3}, {"brand" : "Hero", "category" : "Automotive", "productCount" : 7, "revenue" : 305453965.6250000000000000000000, "unitsSold" : 6671, "avgRating" : 4.00, "reviewCount" : 324, "categoryMarketShare" : 10.80, "categoryRank" : 3}, {"brand" : "Tanishq", "category" : "Jewellery", "productCount" : 7, "revenue" : 302166192.2250000000000000000000, "unitsSold" : 6681, "avgRating" : 4.49, "reviewCount" : 634, "categoryMarketShare" : 14.43, "categoryRank" : 3}, {"brand" : "Puma", "category" : "Footwear", "productCount" : 7, "revenue" : 295598433.8500000000000000000000, "unitsSold" : 6654, "avgRating" : 3.00, "reviewCount" : 330, "categoryMarketShare" : 11.75, "categoryRank" : 4}, {"brand" : "Honda", "category" : "Automotive", "productCount" : 7, "revenue" : 295509536.4250000000000000000000, "unitsSold" : 6429, "avgRating" : 5.00, "reviewCount" : 306, "categoryMarketShare" : 10.45, "categoryRank" : 4}, {"brand" : "Malabar Gold", "category" : "Jewellery", "productCount" : 7, "revenue" : 295365407.5000000000000000000000, "unitsSold" : 6517, "avgRating" : 1.00, "reviewCount" : 349, "categoryMarketShare" : 14.11, "categoryRank" : 4}, {"brand" : "Mattel", "category" : "Toys", "productCount" : 7, "revenue" : 295131091.9000000000000000000000, "unitsSold" : 6532, "avgRating" : 4.00, "reviewCount" : 303, "categoryMarketShare" : 13.88, "categoryRank" : 4}, {"brand" : "Giva", "category" : "Jewellery", "productCount" : 7, "revenue" : 294347072.8000000000000000000000, "unitsSold" : 6501, "avgRating" : 1.52, "reviewCount" : 599, "categoryMarketShare" : 14.06, "categoryRank" : 5}, {"brand" : "Funskool", "category" : "Toys", "productCount" : 7, "revenue" : 294321167.6750000000000000000000, "unitsSold" : 6625, "avgRating" : null, "reviewCount" : 0, "categoryMarketShare" : 13.84, "categoryRank" : 5}, {"brand" : "Nike", "category" : "Footwear", "productCount" : 7, "revenue" : 293957957.9250000000000000000000, "unitsSold" : 6449, "avgRating" : 3.00, "reviewCount" : 280, "categoryMarketShare" : 11.69, "categoryRank" : 5}, {"brand" : "Adidas", "category" : "Footwear", "productCount" : 7, "revenue" : 293264406.7000000000000000000000, "unitsSold" : 6658, "avgRating" : 3.58, "reviewCount" : 656, "categoryMarketShare" : 11.66, "categoryRank" : 6}, {"brand" : "Shell", "category" : "Automotive", "productCount" : 7, "revenue" : 290433034.8500000000000000000000, "unitsSold" : 6653, "avgRating" : 3.02, "reviewCount" : 620, "categoryMarketShare" : 10.27, "categoryRank" : 5}, {"brand" : "Rupa", "category" : "Books", "productCount" : 5, "revenue" : 289184415.0250000000000000000000, "unitsSold" : 6508, "avgRating" : 2.99, "reviewCount" : 1275, "categoryMarketShare" : 23.19, "categoryRank" : 1}, {"brand" : "Mahindra", "category" : "Automotive", "productCount" : 7, "revenue" : 288576329.5750000000000000000000, "unitsSold" : 6393, "avgRating" : 4.05, "reviewCount" : 595, "categoryMarketShare" : 10.21, "categoryRank" : 6}, {"brand" : "Tata Motors", "category" : "Automotive", "productCount" : 7, "revenue" : 288485162.3250000000000000000000, "unitsSold" : 6504, "avgRating" : 2.49, "reviewCount" : 604, "categoryMarketShare" : 10.20, "categoryRank" : 7}, {"brand" : "Maybelline", "category" : "Beauty", "productCount" : 6, "revenue" : 287374865.1750000000000000000000, "unitsSold" : 6474, "avgRating" : 3.24, "reviewCount" : 1215, "categoryMarketShare" : 13.86, "categoryRank" : 1}, {"brand" : "Mobil", "category" : "Automotive", "productCount" : 7, "revenue" : 287257284.5500000000000000000000, "unitsSold" : 6493, "avgRating" : 4.02, "reviewCount" : 950, "categoryMarketShare" : 10.16, "categoryRank" : 8}, {"brand" : "Faces Canada", "category" : "Beauty", "productCount" : 6, "revenue" : 286584958.2250000000000000000000, "unitsSold" : 6396, "avgRating" : 4.04, "reviewCount" : 1246, "categoryMarketShare" : 13.82, "categoryRank" : 2}, {"brand" : "Fisher Price", "category" : "Toys", "productCount" : 7, "revenue" : 286337558.9750000000000000000000, "unitsSold" : 6490, "avgRating" : 2.34, "reviewCount" : 949, "categoryMarketShare" : 13.47, "categoryRank" : 6}, {"brand" : "Woodland", "category" : "Footwear", "productCount" : 7, "revenue" : 285896140.9000000000000000000000, "unitsSold" : 6272, "avgRating" : 3.52, "reviewCount" : 586, "categoryMarketShare" : 11.37, "categoryRank" : 7}, {"brand" : "PC Jeweller", "category" : "Jewellery", "productCount" : 7, "revenue" : 285452515.0000000000000000000000, "unitsSold" : 6534, "avgRating" : 2.65, "reviewCount" : 913, "categoryMarketShare" : 13.63, "categoryRank" : 6}, {"brand" : "CaratLane", "category" : "Jewellery", "productCount" : 7, "revenue" : 284950998.1000000000000000000000, "unitsSold" : 6415, "avgRating" : 3.01, "reviewCount" : 645, "categoryMarketShare" : 13.61, "categoryRank" : 7}, {"brand" : "Liberty", "category" : "Footwear", "productCount" : 7, "revenue" : 284657544.8750000000000000000000, "unitsSold" : 6340, "avgRating" : 3.49, "reviewCount" : 577, "categoryMarketShare" : 11.32, "categoryRank" : 8}, {"brand" : "Bosch", "category" : "Automotive", "productCount" : 7, "revenue" : 284490275.8500000000000000000000, "unitsSold" : 6315, "avgRating" : 4.00, "reviewCount" : 281, "categoryMarketShare" : 10.06, "categoryRank" : 9}, {"brand" : "Hot Wheels", "category" : "Toys", "productCount" : 7, "revenue" : 277541402.4500000000000000000000, "unitsSold" : 6087, "avgRating" : 1.53, "reviewCount" : 569, "categoryMarketShare" : 13.05, "categoryRank" : 7}, {"brand" : "Royal Canin", "category" : "Pet Care", "productCount" : 5, "revenue" : 255622936.1250000000000000000000, "unitsSold" : 5554, "avgRating" : 5.00, "reviewCount" : 947, "categoryMarketShare" : 19.07, "categoryRank" : 1}, {"brand" : "Skybags", "category" : "Travel", "productCount" : 5, "revenue" : 255300417.7500000000000000000000, "unitsSold" : 5700, "avgRating" : 5.00, "reviewCount" : 678, "categoryMarketShare" : 19.58, "categoryRank" : 1}, {"brand" : "Coca Cola", "category" : "Beverages", "productCount" : 5, "revenue" : 254906950.9000000000000000000000, "unitsSold" : 5624, "avgRating" : 3.98, "reviewCount" : 1262, "categoryMarketShare" : 19.43, "categoryRank" : 1}, {"brand" : "Penguin", "category" : "Books", "productCount" : 5, "revenue" : 254752154.0500000000000000000000, "unitsSold" : 5584, "avgRating" : 2.50, "reviewCount" : 1217, "categoryMarketShare" : 20.43, "categoryRank" : 2}, {"brand" : "Scholastic", "category" : "Books", "productCount" : 5, "revenue" : 254743273.8000000000000000000000, "unitsSold" : 5730, "avgRating" : 3.37, "reviewCount" : 958, "categoryMarketShare" : 20.43, "categoryRank" : 3}, {"brand" : "Revlon", "category" : "Beauty", "productCount" : 6, "revenue" : 254609735.0250000000000000000000, "unitsSold" : 5518, "avgRating" : 2.33, "reviewCount" : 882, "categoryMarketShare" : 12.28, "categoryRank" : 3}, {"brand" : "Lakme", "category" : "Beauty", "productCount" : 6, "revenue" : 252530017.6250000000000000000000, "unitsSold" : 5472, "avgRating" : 4.00, "reviewCount" : 300, "categoryMarketShare" : 12.18, "categoryRank" : 4}, {"brand" : "Real Juice", "category" : "Beverages", "productCount" : 5, "revenue" : 252425649.8000000000000000000000, "unitsSold" : 5680, "avgRating" : 3.00, "reviewCount" : 636, "categoryMarketShare" : 19.24, "categoryRank" : 2}, {"brand" : "ASUS ROG", "category" : "Gaming", "productCount" : 6, "revenue" : 252164697.9750000000000000000000, "unitsSold" : 5539, "avgRating" : 3.00, "reviewCount" : 304, "categoryMarketShare" : 16.14, "categoryRank" : 2}, {"brand" : "Kay Beauty", "category" : "Beauty", "productCount" : 6, "revenue" : 251338099.7000000000000000000000, "unitsSold" : 5459, "avgRating" : 1.00, "reviewCount" : 595, "categoryMarketShare" : 12.12, "categoryRank" : 5}, {"brand" : "Nykaa", "category" : "Beauty", "productCount" : 6, "revenue" : 249156681.6500000000000000000000, "unitsSold" : 5531, "avgRating" : 2.52, "reviewCount" : 651, "categoryMarketShare" : 12.01, "categoryRank" : 6}, {"brand" : "Drools", "category" : "Pet Care", "productCount" : 5, "revenue" : 247908309.9250000000000000000000, "unitsSold" : 5622, "avgRating" : 3.76, "reviewCount" : 1203, "categoryMarketShare" : 18.49, "categoryRank" : 2}, {"brand" : "MAC", "category" : "Beauty", "productCount" : 6, "revenue" : 247425585.7500000000000000000000, "unitsSold" : 5534, "avgRating" : 1.98, "reviewCount" : 630, "categoryMarketShare" : 11.93, "categoryRank" : 7}, {"brand" : "Sony PlayStation", "category" : "Gaming", "productCount" : 6, "revenue" : 247025760.7750000000000000000000, "unitsSold" : 5559, "avgRating" : 5.00, "reviewCount" : 320, "categoryMarketShare" : 15.81, "categoryRank" : 3}, {"brand" : "Colorbar", "category" : "Beauty", "productCount" : 6, "revenue" : 244857253.7250000000000000000000, "unitsSold" : 5613, "avgRating" : 1.00, "reviewCount" : 313, "categoryMarketShare" : 11.81, "categoryRank" : 8}, {"brand" : "HarperCollins", "category" : "Books", "productCount" : 5, "revenue" : 242825249.9000000000000000000000, "unitsSold" : 5320, "avgRating" : 3.50, "reviewCount" : 582, "categoryMarketShare" : 19.47, "categoryRank" : 4}, {"brand" : "Microsoft Xbox", "category" : "Gaming", "productCount" : 6, "revenue" : 242537455.9500000000000000000000, "unitsSold" : 5491, "avgRating" : 2.00, "reviewCount" : 305, "categoryMarketShare" : 15.52, "categoryRank" : 4}, {"brand" : "HyperX", "category" : "Gaming", "productCount" : 6, "revenue" : 238199652.0750000000000000000000, "unitsSold" : 5338, "avgRating" : 2.00, "reviewCount" : 321, "categoryMarketShare" : 15.25, "categoryRank" : 5}, {"brand" : "Razer", "category" : "Gaming", "productCount" : 6, "revenue" : 235137080.6750000000000000000000, "unitsSold" : 5367, "avgRating" : 2.94, "reviewCount" : 877, "categoryMarketShare" : 15.05, "categoryRank" : 6}, {"brand" : "Plantix", "category" : "Gardening", "productCount" : 5, "revenue" : 222805666.1250000000000000000000, "unitsSold" : 4794, "avgRating" : 3.03, "reviewCount" : 973, "categoryMarketShare" : 21.06, "categoryRank" : 1}, {"brand" : "VIP", "category" : "Travel", "productCount" : 5, "revenue" : 219258526.3250000000000000000000, "unitsSold" : 4716, "avgRating" : 1.52, "reviewCount" : 617, "categoryMarketShare" : 16.82, "categoryRank" : 2}, {"brand" : "Pedigree", "category" : "Pet Care", "productCount" : 5, "revenue" : 217733310.0250000000000000000000, "unitsSold" : 4857, "avgRating" : 3.49, "reviewCount" : 654, "categoryMarketShare" : 16.24, "categoryRank" : 3}, {"brand" : "Wildcraft", "category" : "Travel", "productCount" : 5, "revenue" : 215900556.7750000000000000000000, "unitsSold" : 4752, "avgRating" : 3.51, "reviewCount" : 594, "categoryMarketShare" : 16.56, "categoryRank" : 3}, {"brand" : "NetMeds", "category" : "Pharmacy", "productCount" : 5, "revenue" : 213821102.5750000000000000000000, "unitsSold" : 4773, "avgRating" : 1.00, "reviewCount" : 345, "categoryMarketShare" : 17.41, "categoryRank" : 1}, {"brand" : "Green Grow", "category" : "Gardening", "productCount" : 5, "revenue" : 212483375.1250000000000000000000, "unitsSold" : 4704, "avgRating" : 2.36, "reviewCount" : 644, "categoryMarketShare" : 20.08, "categoryRank" : 2}, {"brand" : "Dr Reddys", "category" : "Pharmacy", "productCount" : 5, "revenue" : 212291194.3750000000000000000000, "unitsSold" : 4659, "avgRating" : 1.52, "reviewCount" : 640, "categoryMarketShare" : 17.29, "categoryRank" : 2}, {"brand" : "Bisleri", "category" : "Beverages", "productCount" : 5, "revenue" : 210515128.2750000000000000000000, "unitsSold" : 4614, "avgRating" : 3.00, "reviewCount" : 314, "categoryMarketShare" : 16.05, "categoryRank" : 3}, {"brand" : "Fertiline", "category" : "Gardening", "productCount" : 5, "revenue" : 210194312.2500000000000000000000, "unitsSold" : 4540, "avgRating" : 3.00, "reviewCount" : 623, "categoryMarketShare" : 19.87, "categoryRank" : 3}, {"brand" : "Aristocrat", "category" : "Travel", "productCount" : 5, "revenue" : 209817882.8750000000000000000000, "unitsSold" : 4660, "avgRating" : null, "reviewCount" : 0, "categoryMarketShare" : 16.10, "categoryRank" : 4}, {"brand" : "Paper Boat", "category" : "Beverages", "productCount" : 5, "revenue" : 208751122.7000000000000000000000, "unitsSold" : 4664, "avgRating" : 3.00, "reviewCount" : 297, "categoryMarketShare" : 15.91, "categoryRank" : 4}, {"brand" : "Heads Up For Tails", "category" : "Pet Care", "productCount" : 5, "revenue" : 208327522.1250000000000000000000, "unitsSold" : 4756, "avgRating" : 4.02, "reviewCount" : 628, "categoryMarketShare" : 15.54, "categoryRank" : 4}, {"brand" : "Ugaoo", "category" : "Gardening", "productCount" : 5, "revenue" : 207765282.8750000000000000000000, "unitsSold" : 4554, "avgRating" : 4.49, "reviewCount" : 618, "categoryMarketShare" : 19.64, "categoryRank" : 4}, {"brand" : "Sun Pharma", "category" : "Pharmacy", "productCount" : 5, "revenue" : 207119858.0000000000000000000000, "unitsSold" : 4624, "avgRating" : 1.00, "reviewCount" : 305, "categoryMarketShare" : 16.87, "categoryRank" : 3}, {"brand" : "Wiggles", "category" : "Pet Care", "productCount" : 5, "revenue" : 207012793.8000000000000000000000, "unitsSold" : 4573, "avgRating" : null, "reviewCount" : 0, "categoryMarketShare" : 15.44, "categoryRank" : 5}, {"brand" : "American Tourister", "category" : "Travel", "productCount" : 5, "revenue" : 206609468.0750000000000000000000, "unitsSold" : 4729, "avgRating" : 1.97, "reviewCount" : 629, "categoryMarketShare" : 15.85, "categoryRank" : 5}, {"brand" : "Bloomsbury", "category" : "Books", "productCount" : 5, "revenue" : 205486560.4000000000000000000000, "unitsSold" : 4532, "avgRating" : null, "reviewCount" : 0, "categoryMarketShare" : 16.48, "categoryRank" : 5}, {"brand" : "Trust Basket", "category" : "Gardening", "productCount" : 5, "revenue" : 204679393.2500000000000000000000, "unitsSold" : 4563, "avgRating" : 1.67, "reviewCount" : 916, "categoryMarketShare" : 19.35, "categoryRank" : 5}, {"brand" : "Whiskas", "category" : "Pet Care", "productCount" : 5, "revenue" : 204141475.2750000000000000000000, "unitsSold" : 4512, "avgRating" : 1.00, "reviewCount" : 282, "categoryMarketShare" : 15.23, "categoryRank" : 6}, {"brand" : "Apollo Pharmacy", "category" : "Pharmacy", "productCount" : 5, "revenue" : 201037310.6750000000000000000000, "unitsSold" : 4600, "avgRating" : 5.00, "reviewCount" : 282, "categoryMarketShare" : 16.37, "categoryRank" : 4}, {"brand" : "Pepsi", "category" : "Beverages", "productCount" : 5, "revenue" : 199216204.6750000000000000000000, "unitsSold" : 4444, "avgRating" : null, "reviewCount" : 0, "categoryMarketShare" : 15.19, "categoryRank" : 5}, {"brand" : "Cipla", "category" : "Pharmacy", "productCount" : 5, "revenue" : 197729089.6750000000000000000000, "unitsSold" : 4523, "avgRating" : 5.00, "reviewCount" : 292, "categoryMarketShare" : 16.10, "categoryRank" : 5}, {"brand" : "Safari", "category" : "Travel", "productCount" : 5, "revenue" : 196691617.0750000000000000000000, "unitsSold" : 4394, "avgRating" : 5.00, "reviewCount" : 292, "categoryMarketShare" : 15.09, "categoryRank" : 6}, {"brand" : "1mg", "category" : "Pharmacy", "productCount" : 5, "revenue" : 195980959.2000000000000000000000, "unitsSold" : 4471, "avgRating" : 4.50, "reviewCount" : 588, "categoryMarketShare" : 15.96, "categoryRank" : 6}, {"brand" : "Red Bull", "category" : "Beverages", "productCount" : 5, "revenue" : 185975014.7500000000000000000000, "unitsSold" : 4291, "avgRating" : 4.00, "reviewCount" : 579, "categoryMarketShare" : 14.18, "categoryRank" : 6}]
