[{"category" : "Electronics", "productCount" : 120, "revenue" : 5012051113.58, "orders" : 33439, "unitsSold" : 111088, "avgPrice" : 50288.51, "avgRating" : 3.20, "reviewCount" : 40, "marketShare" : 9.92, "rank" : 1, "revenuePerOrder" : 149886.39, "unitsPerOrder" : 3.32}, {"category" : "Fashion", "productCount" : 120, "revenue" : 5010905235.45, "orders" : 33666, "unitsSold" : 111566, "avgPrice" : 50089.90, "avgRating" : 3.03, "reviewCount" : 31, "marketShare" : 9.92, "rank" : 2, "revenuePerOrder" : 148841.72, "unitsPerOrder" : 3.31}, {"category" : "Grocery", "productCount" : 100, "revenue" : 4174262529.25, "orders" : 28471, "unitsSold" : 93062, "avgPrice" : 50093.71, "avgRating" : 3.00, "reviewCount" : 30, "marketShare" : 8.26, "rank" : 3, "revenuePerOrder" : 146614.54, "unitsPerOrder" : 3.27}, {"category" : "Sports", "productCount" : 90, "revenue" : 3744980822.20, "orders" : 25813, "unitsSold" : 83723, "avgPrice" : 49899.19, "avgRating" : 3.00, "reviewCount" : 21, "marketShare" : 7.41, "rank" : 4, "revenuePerOrder" : 145081.19, "unitsPerOrder" : 3.24}, {"category" : "Personal Care", "productCount" : 90, "revenue" : 3733973233.55, "orders" : 25739, "unitsSold" : 82868, "avgPrice" : 50240.18, "avgRating" : 2.44, "reviewCount" : 27, "marketShare" : 7.39, "rank" : 5, "revenuePerOrder" : 145070.64, "unitsPerOrder" : 3.22}, {"category" : "Home Appliances", "productCount" : 90, "revenue" : 3723317939.48, "orders" : 25747, "unitsSold" : 83041, "avgPrice" : 49890.95, "avgRating" : 2.66, "reviewCount" : 32, "marketShare" : 7.37, "rank" : 6, "revenuePerOrder" : 144611.72, "unitsPerOrder" : 3.23}, {"category" : "Stationery", "productCount" : 72, "revenue" : 2984802572.50, "orders" : 20930, "unitsSold" : 66688, "avgPrice" : 50054.88, "avgRating" : 2.81, "reviewCount" : 21, "marketShare" : 5.91, "rank" : 7, "revenuePerOrder" : 142608.82, "unitsPerOrder" : 3.19}, {"category" : "Automotive", "productCount" : 63, "revenue" : 2656591931.48, "orders" : 18552, "unitsSold" : 59144, "avgPrice" : 50242.38, "avgRating" : 3.22, "reviewCount" : 23, "marketShare" : 5.26, "rank" : 8, "revenuePerOrder" : 143197.06, "unitsPerOrder" : 3.19}, {"category" : "Furniture", "productCount" : 63, "revenue" : 2584720330.98, "orders" : 18407, "unitsSold" : 57928, "avgPrice" : 49870.66, "avgRating" : 3.08, "reviewCount" : 12, "marketShare" : 5.12, "rank" : 9, "revenuePerOrder" : 140420.51, "unitsPerOrder" : 3.15}, {"category" : "Footwear", "productCount" : 56, "revenue" : 2337547500.70, "orders" : 16544, "unitsSold" : 51929, "avgPrice" : 50198.59, "avgRating" : 2.90, "reviewCount" : 20, "marketShare" : 4.63, "rank" : 10, "revenuePerOrder" : 141292.76, "unitsPerOrder" : 3.14}, {"category" : "Jewellery", "productCount" : 49, "revenue" : 2018545039.08, "orders" : 14444, "unitsSold" : 45044, "avgPrice" : 49985.65, "avgRating" : 2.50, "reviewCount" : 16, "marketShare" : 4.00, "rank" : 11, "revenuePerOrder" : 139749.73, "unitsPerOrder" : 3.12}, {"category" : "Toys", "productCount" : 49, "revenue" : 2004776244.55, "orders" : 14378, "unitsSold" : 44824, "avgPrice" : 49841.13, "avgRating" : 2.63, "reviewCount" : 16, "marketShare" : 3.97, "rank" : 12, "revenuePerOrder" : 139433.60, "unitsPerOrder" : 3.12}, {"category" : "Beauty", "productCount" : 48, "revenue" : 1989605212.55, "orders" : 14124, "unitsSold" : 44089, "avgPrice" : 50157.44, "avgRating" : 2.74, "reviewCount" : 19, "marketShare" : 3.94, "rank" : 13, "revenuePerOrder" : 140866.98, "unitsPerOrder" : 3.12}, {"category" : "Gaming", "productCount" : 36, "revenue" : 1475017277.33, "orders" : 10788, "unitsSold" : 33011, "avgPrice" : 49975.02, "avgRating" : 3.50, "reviewCount" : 12, "marketShare" : 2.92, "rank" : 14, "revenuePerOrder" : 136727.59, "unitsPerOrder" : 3.06}, {"category" : "Travel", "productCount" : 30, "revenue" : 1259963058.65, "orders" : 9078, "unitsSold" : 27949, "avgPrice" : 50074.42, "avgRating" : 3.22, "reviewCount" : 9, "marketShare" : 2.49, "rank" : 15, "revenuePerOrder" : 138793.02, "unitsPerOrder" : 3.08}, {"category" : "Pet Care", "productCount" : 30, "revenue" : 1257642133.03, "orders" : 9125, "unitsSold" : 28029, "avgPrice" : 49932.85, "avgRating" : 3.83, "reviewCount" : 12, "marketShare" : 2.49, "rank" : 16, "revenuePerOrder" : 137823.80, "unitsPerOrder" : 3.07}, {"category" : "Beverages", "productCount" : 30, "revenue" : 1229667208.23, "orders" : 8961, "unitsSold" : 27504, "avgPrice" : 49876.43, "avgRating" : 3.60, "reviewCount" : 10, "marketShare" : 2.43, "rank" : 17, "revenuePerOrder" : 137224.33, "unitsPerOrder" : 3.07}, {"category" : "Pharmacy", "productCount" : 30, "revenue" : 1227979514.50, "orders" : 9040, "unitsSold" : 27650, "avgPrice" : 49668.33, "avgRating" : 3.00, "reviewCount" : 8, "marketShare" : 2.43, "rank" : 18, "revenuePerOrder" : 135838.44, "unitsPerOrder" : 3.06}, {"category" : "Gardening", "productCount" : 25, "revenue" : 1057928029.63, "orders" : 7577, "unitsSold" : 23155, "avgPrice" : 50750.52, "avgRating" : 2.83, "reviewCount" : 12, "marketShare" : 2.09, "rank" : 19, "revenuePerOrder" : 139623.60, "unitsPerOrder" : 3.06}, {"category" : "Books", "productCount" : 25, "revenue" : 1035645624.85, "orders" : 7518, "unitsSold" : 23049, "avgPrice" : 50274.34, "avgRating" : 3.00, "reviewCount" : 13, "marketShare" : 2.05, "rank" : 20, "revenuePerOrder" : 137755.47, "unitsPerOrder" : 3.07}]
