[{"productId" : 638, "productName" : "Cosco Yoga Mat", "category" : "Sports", "brand" : "Cosco", "revenue" : 52946064.9000000000000000000000, "unitsSold" : 1083, "avgRating" : 0, "reviewCount" : 0, "currentStock" : 20825, "storesStocking" : 82, "rank" : 1, "categoryRank" : 1, "revenuePerUnit" : 48888.33, "pctOfRevenue" : 0.1048}, {"productId" : 97, "productName" : "Britannia Biscuits Pack", "category" : "Grocery", "brand" : "Britannia", "revenue" : 52330200.0250000000000000000000, "unitsSold" : 1116, "avgRating" : 0, "reviewCount" : 0, "currentStock" : 20606, "storesStocking" : 79, "rank" : 2, "categoryRank" : 1, "revenuePerUnit" : 46890.86, "pctOfRevenue" : 0.1036}, {"productId" : 221, "productName" : "Levis T-Shirt", "category" : "Fashion", "brand" : "Levis", "revenue" : 51665518.3250000000000000000000, "unitsSold" : 1119, "avgRating" : 0, "reviewCount" : 0, "currentStock" : 21458, "storesStocking" : 82, "rank" : 3, "categoryRank" : 1, "revenuePerUnit" : 46171.15, "pctOfRevenue" : 0.1023}, {"productId" : 681, "productName" : "Lego Remote Car", "category" : "Toys", "brand" : "Lego", "revenue" : 51129122.3250000000000000000000, "unitsSold" : 1122, "avgRating" : 0, "reviewCount" : 0, "currentStock" : 18622, "storesStocking" : 78, "rank" : 4, "categoryRank" : 1, "revenuePerUnit" : 45569.63, "pctOfRevenue" : 0.1012}, {"productId" : 303, "productName" : "Uniqlo Formal Shirt", "category" : "Fashion", "brand" : "Uniqlo", "revenue" : 50926174.8250000000000000000000, "unitsSold" : 1069, "avgRating" : 4.00, "reviewCount" : 1, "currentStock" : 21017, "storesStocking" : 80, "rank" : 5, "categoryRank" : 2, "revenuePerUnit" : 47639.08, "pctOfRevenue" : 0.1008}, {"productId" : 602, "productName" : "Li-Ning Football", "category" : "Sports", "brand" : "Li-Ning", "revenue" : 50522796.5500000000000000000000, "unitsSold" : 1062, "avgRating" : 5.00, "reviewCount" : 1, "currentStock" : 19095, "storesStocking" : 77, "rank" : 6, "categoryRank" : 2, "revenuePerUnit" : 47573.25, "pctOfRevenue" : 0.1000}, {"productId" : 42, "productName" : "Fortune Salt 1 kg", "category" : "Grocery", "brand" : "Fortune", "revenue" : 50292566.5250000000000000000000, "unitsSold" : 1033, "avgRating" : 0, "reviewCount" : 0, "currentStock" : 20587, "storesStocking" : 90, "rank" : 7, "categoryRank" : 2, "revenuePerUnit" : 48685.93, "pctOfRevenue" : 0.0995}, {"productId" : 1049, "productName" : "Lakme Perfume", "category" : "Beauty", "brand" : "Lakme", "revenue" : 50076480.8750000000000000000000, "unitsSold" : 1024, "avgRating" : 0, "reviewCount" : 0, "currentStock" : 18886, "storesStocking" : 79, "rank" : 8, "categoryRank" : 1, "revenuePerUnit" : 48902.81, "pctOfRevenue" : 0.0991}, {"productId" : 675, "productName" : "Funskool Building Blocks", "category" : "Toys", "brand" : "Funskool", "revenue" : 49902819.1250000000000000000000, "unitsSold" : 1136, "avgRating" : 0, "reviewCount" : 0, "currentStock" : 19731, "storesStocking" : 79, "rank" : 9, "categoryRank" : 2, "revenuePerUnit" : 43928.54, "pctOfRevenue" : 0.0988}, {"productId" : 1185, "productName" : "Paper Boat Cold Coffee", "category" : "Beverages", "brand" : "Paper Boat", "revenue" : 49840205.2750000000000000000000, "unitsSold" : 1053, "avgRating" : 0, "reviewCount" : 0, "currentStock" : 18082, "storesStocking" : 74, "rank" : 10, "categoryRank" : 1, "revenuePerUnit" : 47331.63, "pctOfRevenue" : 0.0987}, {"productId" : 510, "productName" : "IFB Heater", "category" : "Home Appliances", "brand" : "IFB", "revenue" : 49537445.3750000000000000000000, "unitsSold" : 1081, "avgRating" : 0, "reviewCount" : 0, "currentStock" : 19609, "storesStocking" : 79, "rank" : 11, "categoryRank" : 1, "revenuePerUnit" : 45825.57, "pctOfRevenue" : 0.0981}, {"productId" : 705, "productName" : "Barbie Action Figure", "category" : "Toys", "brand" : "Barbie", "revenue" : 49507509.6500000000000000000000, "unitsSold" : 1110, "avgRating" : 0, "reviewCount" : 0, "currentStock" : 22158, "storesStocking" : 86, "rank" : 12, "categoryRank" : 3, "revenuePerUnit" : 44601.36, "pctOfRevenue" : 0.0980}, {"productId" : 929, "productName" : "Nike Slippers", "category" : "Footwear", "brand" : "Nike", "revenue" : 49389812.2000000000000000000000, "unitsSold" : 1053, "avgRating" : 0, "reviewCount" : 0, "currentStock" : 17678, "storesStocking" : 77, "rank" : 13, "categoryRank" : 1, "revenuePerUnit" : 46903.91, "pctOfRevenue" : 0.0978}, {"productId" : 168, "productName" : "Mi Bluetooth Speaker", "category" : "Electronics", "brand" : "Mi", "revenue" : 49141479.9000000000000000000000, "unitsSold" : 1008, "avgRating" : 0, "reviewCount" : 0, "currentStock" : 17800, "storesStocking" : 72, "rank" : 14, "categoryRank" : 1, "revenuePerUnit" : 48751.47, "pctOfRevenue" : 0.0973}, {"productId" : 1055, "productName" : "Nykaa Face Serum", "category" : "Beauty", "brand" : "Nykaa", "revenue" : 48913561.6250000000000000000000, "unitsSold" : 1029, "avgRating" : 3.00, "reviewCount" : 1, "currentStock" : 24208, "storesStocking" : 92, "rank" : 15, "categoryRank" : 2, "revenuePerUnit" : 47535.05, "pctOfRevenue" : 0.0968}, {"productId" : 1133, "productName" : "Green Grow Plant Pot", "category" : "Gardening", "brand" : "Green Grow", "revenue" : 48684708.0250000000000000000000, "unitsSold" : 1069, "avgRating" : 1.00, "reviewCount" : 1, "currentStock" : 16194, "storesStocking" : 67, "rank" : 16, "categoryRank" : 1, "revenuePerUnit" : 45542.29, "pctOfRevenue" : 0.0964}, {"productId" : 599, "productName" : "Adidas Football", "category" : "Sports", "brand" : "Adidas", "revenue" : 48509961.0250000000000000000000, "unitsSold" : 1021, "avgRating" : 0, "reviewCount" : 0, "currentStock" : 21281, "storesStocking" : 82, "rank" : 17, "categoryRank" : 3, "revenuePerUnit" : 47512.20, "pctOfRevenue" : 0.0960}, {"productId" : 849, "productName" : "Castrol Tool Kit", "category" : "Automotive", "brand" : "Castrol", "revenue" : 48259923.1000000000000000000000, "unitsSold" : 1053, "avgRating" : 0, "reviewCount" : 0, "currentStock" : 15964, "storesStocking" : 65, "rank" : 18, "categoryRank" : 1, "revenuePerUnit" : 45830.89, "pctOfRevenue" : 0.0955}, {"productId" : 68, "productName" : "Parle Tea 500 g", "category" : "Grocery", "brand" : "Parle", "revenue" : 48184498.3750000000000000000000, "unitsSold" : 1064, "avgRating" : 0, "reviewCount" : 0, "currentStock" : 18386, "storesStocking" : 78, "rank" : 19, "categoryRank" : 3, "revenuePerUnit" : 45286.18, "pctOfRevenue" : 0.0954}, {"productId" : 265, "productName" : "Van Heusen Saree", "category" : "Fashion", "brand" : "Van Heusen", "revenue" : 48149765.1750000000000000000000, "unitsSold" : 1066, "avgRating" : 0, "reviewCount" : 0, "currentStock" : 22715, "storesStocking" : 85, "rank" : 20, "categoryRank" : 3, "revenuePerUnit" : 45168.64, "pctOfRevenue" : 0.0953}]
