[{"region" : "Central", "storeCount" : 54, "orders" : 10141, "revenue" : 3400493004.76, "expenses" : 544302598.88, "profit" : 2856190405.88, "avgProfitMargin" : 83.84, "customers" : 10127, "employees" : 867, "revenuePerEmployee" : 3922137.26, "avgRevenuePerStore" : 62972092.68}, {"region" : "South", "storeCount" : 40, "orders" : 7531, "revenue" : 2555486286.31, "expenses" : 415806448.46, "profit" : 2139679837.85, "avgProfitMargin" : 83.63, "customers" : 7519, "employees" : 575, "revenuePerEmployee" : 4444323.98, "avgRevenuePerStore" : 63887157.16}, {"region" : "North", "storeCount" : 38, "orders" : 7164, "revenue" : 2411036622.68, "expenses" : 375942451.99, "profit" : 2035094170.69, "avgProfitMargin" : 84.23, "customers" : 7149, "employees" : 585, "revenuePerEmployee" : 4121430.12, "avgRevenuePerStore" : 63448332.18}, {"region" : "West", "storeCount" : 37, "orders" : 7034, "revenue" : 2354493040.39, "expenses" : 369732290.50, "profit" : 1984760749.89, "avgProfitMargin" : 84.18, "customers" : 7023, "employees" : 520, "revenuePerEmployee" : 4527871.23, "avgRevenuePerStore" : 63634947.04}, {"region" : "East", "storeCount" : 31, "orders" : 5785, "revenue" : 1923109755.21, "expenses" : 300370339.55, "profit" : 1622739415.66, "avgProfitMargin" : 84.27, "customers" : 5778, "employees" : 453, "revenuePerEmployee" : 4245275.40, "avgRevenuePerStore" : 62035798.56}]
