{"summary" : [{"inventoryHealth" : "Good", "storeCount" : 200, "totalInventoryValue" : 1199983037801.10, "avgLowStockItems" : 10, "avgOutOfStockItems" : 1}], "storeDetails" : [{"storeId" : 142, "storeName" : "RetailMart Amritsar #142", "city" : "Amritsar", "state" : "Punjab", "productsStocked" : 514, "totalUnits" : 135155, "inventoryValue" : 6947460845.10, "lowStockItems" : 8, "outOfStockItems" : 3, "inventoryHealth" : "Good"}, {"storeId" : 117, "storeName" : "RetailMart Trichy #117", "city" : "Trichy", "state" : "Tamil Nadu", "productsStocked" : 488, "totalUnits" : 129914, "inventoryValue" : 6734247123.50, "lowStockItems" : 6, "outOfStockItems" : 0, "inventoryHealth" : "Good"}, {"storeId" : 189, "storeName" : "RetailMart Pune #189", "city" : "Pune", "state" : "Maharashtra", "productsStocked" : 493, "totalUnits" : 126514, "inventoryValue" : 6670845075.10, "lowStockItems" : 10, "outOfStockItems" : 4, "inventoryHealth" : "Good"}, {"storeId" : 127, "storeName" : "RetailMart Ahmedabad #127", "city" : "Ahmedabad", "state" : "Gujarat", "productsStocked" : 497, "totalUnits" : 126019, "inventoryValue" : 6620703735.80, "lowStockItems" : 7, "outOfStockItems" : 1, "inventoryHealth" : "Good"}, {"storeId" : 144, "storeName" : "RetailMart Kolkata #144", "city" : "Kolkata", "state" : "West Bengal", "productsStocked" : 501, "totalUnits" : 125432, "inventoryValue" : 6595078182.80, "lowStockItems" : 11, "outOfStockItems" : 1, "inventoryHealth" : "Good"}, {"storeId" : 78, "storeName" : "RetailMart Panaji #78", "city" : "Panaji", "state" : "Goa", "productsStocked" : 499, "totalUnits" : 126486, "inventoryValue" : 6550433171.30, "lowStockItems" : 9, "outOfStockItems" : 1, "inventoryHealth" : "Good"}, {"storeId" : 90, "storeName" : "RetailMart Bilaspur #90", "city" : "Bilaspur", "state" : "Chhattisgarh", "productsStocked" : 483, "totalUnits" : 122733, "inventoryValue" : 6533537521.90, "lowStockItems" : 10, "outOfStockItems" : 2, "inventoryHealth" : "Good"}, {"storeId" : 85, "storeName" : "RetailMart Kanpur #85", "city" : "Kanpur", "state" : "Uttar Pradesh", "productsStocked" : 498, "totalUnits" : 129864, "inventoryValue" : 6521589166.90, "lowStockItems" : 10, "outOfStockItems" : 2, "inventoryHealth" : "Good"}, {"storeId" : 115, "storeName" : "RetailMart Bilaspur #115", "city" : "Bilaspur", "state" : "Chhattisgarh", "productsStocked" : 478, "totalUnits" : 126158, "inventoryValue" : 6490599330.40, "lowStockItems" : 8, "outOfStockItems" : 1, "inventoryHealth" : "Good"}, {"storeId" : 190, "storeName" : "RetailMart Jaipur #190", "city" : "Jaipur", "state" : "Rajasthan", "productsStocked" : 502, "totalUnits" : 128424, "inventoryValue" : 6479425365.30, "lowStockItems" : 10, "outOfStockItems" : 4, "inventoryHealth" : "Good"}, {"storeId" : 17, "storeName" : "RetailMart Jamshedpur #17", "city" : "Jamshedpur", "state" : "Jharkhand", "productsStocked" : 485, "totalUnits" : 128374, "inventoryValue" : 6472360464.90, "lowStockItems" : 6, "outOfStockItems" : 0, "inventoryHealth" : "Good"}, {"storeId" : 133, "storeName" : "RetailMart Imphal #133", "city" : "Imphal", "state" : "Manipur", "productsStocked" : 470, "totalUnits" : 126665, "inventoryValue" : 6455006124.60, "lowStockItems" : 8, "outOfStockItems" : 1, "inventoryHealth" : "Good"}, {"storeId" : 159, "storeName" : "RetailMart Ludhiana #159", "city" : "Ludhiana", "state" : "Punjab", "productsStocked" : 504, "totalUnits" : 124192, "inventoryValue" : 6449498475.70, "lowStockItems" : 14, "outOfStockItems" : 2, "inventoryHealth" : "Good"}, {"storeId" : 50, "storeName" : "RetailMart Dehradun #50", "city" : "Dehradun", "state" : "Uttarakhand", "productsStocked" : 498, "totalUnits" : 122505, "inventoryValue" : 6445907777.60, "lowStockItems" : 11, "outOfStockItems" : 0, "inventoryHealth" : "Good"}, {"storeId" : 197, "storeName" : "RetailMart Siliguri #197", "city" : "Siliguri", "state" : "West Bengal", "productsStocked" : 479, "totalUnits" : 123269, "inventoryValue" : 6434862083.90, "lowStockItems" : 7, "outOfStockItems" : 1, "inventoryHealth" : "Good"}, {"storeId" : 86, "storeName" : "RetailMart Ahmedabad #86", "city" : "Ahmedabad", "state" : "Gujarat", "productsStocked" : 487, "totalUnits" : 125226, "inventoryValue" : 6433148575.80, "lowStockItems" : 7, "outOfStockItems" : 0, "inventoryHealth" : "Good"}, {"storeId" : 11, "storeName" : "RetailMart Dehradun #11", "city" : "Dehradun", "state" : "Uttarakhand", "productsStocked" : 480, "totalUnits" : 119876, "inventoryValue" : 6429317175.90, "lowStockItems" : 6, "outOfStockItems" : 0, "inventoryHealth" : "Good"}, {"storeId" : 21, "storeName" : "RetailMart Rajkot #21", "city" : "Rajkot", "state" : "Gujarat", "productsStocked" : 504, "totalUnits" : 126388, "inventoryValue" : 6425359761.80, "lowStockItems" : 10, "outOfStockItems" : 1, "inventoryHealth" : "Good"}, {"storeId" : 6, "storeName" : "RetailMart Chandigarh #6", "city" : "Chandigarh", "state" : "Punjab", "productsStocked" : 482, "totalUnits" : 122345, "inventoryValue" : 6424790487.80, "lowStockItems" : 10, "outOfStockItems" : 2, "inventoryHealth" : "Good"}, {"storeId" : 9, "storeName" : "RetailMart Udaipur #9", "city" : "Udaipur", "state" : "Rajasthan", "productsStocked" : 497, "totalUnits" : 127948, "inventoryValue" : 6418040659.00, "lowStockItems" : 10, "outOfStockItems" : 1, "inventoryHealth" : "Good"}, {"storeId" : 66, "storeName" : "RetailMart Howrah #66", "city" : "Howrah", "state" : "West Bengal", "productsStocked" : 496, "totalUnits" : 123732, "inventoryValue" : 6414131535.20, "lowStockItems" : 13, "outOfStockItems" : 3, "inventoryHealth" : "Good"}, {"storeId" : 69, "storeName" : "RetailMart Salem #69", "city" : "Salem", "state" : "Tamil Nadu", "productsStocked" : 499, "totalUnits" : 125880, "inventoryValue" : 6403106255.80, "lowStockItems" : 10, "outOfStockItems" : 0, "inventoryHealth" : "Good"}, {"storeId" : 147, "storeName" : "RetailMart Udaipur #147", "city" : "Udaipur", "state" : "Rajasthan", "productsStocked" : 492, "totalUnits" : 123083, "inventoryValue" : 6398991298.00, "lowStockItems" : 8, "outOfStockItems" : 0, "inventoryHealth" : "Good"}, {"storeId" : 10, "storeName" : "RetailMart Nagpur #10", "city" : "Nagpur", "state" : "Maharashtra", "productsStocked" : 476, "totalUnits" : 123833, "inventoryValue" : 6397949926.90, "lowStockItems" : 8, "outOfStockItems" : 0, "inventoryHealth" : "Good"}, {"storeId" : 18, "storeName" : "RetailMart Bhubaneswar #18", "city" : "Bhubaneswar", "state" : "Odisha", "productsStocked" : 492, "totalUnits" : 123315, "inventoryValue" : 6385037841.70, "lowStockItems" : 13, "outOfStockItems" : 0, "inventoryHealth" : "Good"}, {"storeId" : 170, "storeName" : "RetailMart Mysuru #170", "city" : "Mysuru", "state" : "Karnataka", "productsStocked" : 487, "totalUnits" : 121276, "inventoryValue" : 6376126385.20, "lowStockItems" : 7, "outOfStockItems" : 0, "inventoryHealth" : "Good"}, {"storeId" : 12, "storeName" : "RetailMart Salem #12", "city" : "Salem", "state" : "Tamil Nadu", "productsStocked" : 496, "totalUnits" : 128577, "inventoryValue" : 6362561089.20, "lowStockItems" : 9, "outOfStockItems" : 0, "inventoryHealth" : "Good"}, {"storeId" : 194, "storeName" : "RetailMart Bhubaneswar #194", "city" : "Bhubaneswar", "state" : "Odisha", "productsStocked" : 503, "totalUnits" : 130189, "inventoryValue" : 6335242532.00, "lowStockItems" : 9, "outOfStockItems" : 1, "inventoryHealth" : "Good"}, {"storeId" : 67, "storeName" : "RetailMart Haridwar #67", "city" : "Haridwar", "state" : "Uttarakhand", "productsStocked" : 467, "totalUnits" : 117718, "inventoryValue" : 6329851572.20, "lowStockItems" : 8, "outOfStockItems" : 1, "inventoryHealth" : "Good"}, {"storeId" : 141, "storeName" : "RetailMart Noida #141", "city" : "Noida", "state" : "Uttar Pradesh", "productsStocked" : 501, "totalUnits" : 128606, "inventoryValue" : 6329323488.00, "lowStockItems" : 8, "outOfStockItems" : 0, "inventoryHealth" : "Good"}, {"storeId" : 2, "storeName" : "RetailMart Delhi #2", "city" : "Delhi", "state" : "Delhi", "productsStocked" : 494, "totalUnits" : 124315, "inventoryValue" : 6321565838.80, "lowStockItems" : 9, "outOfStockItems" : 0, "inventoryHealth" : "Good"}, {"storeId" : 99, "storeName" : "RetailMart Bilaspur #99", "city" : "Bilaspur", "state" : "Chhattisgarh", "productsStocked" : 485, "totalUnits" : 119154, "inventoryValue" : 6318833917.30, "lowStockItems" : 13, "outOfStockItems" : 1, "inventoryHealth" : "Good"}, {"storeId" : 149, "storeName" : "RetailMart Erode #149", "city" : "Erode", "state" : "Tamil Nadu", "productsStocked" : 458, "totalUnits" : 118890, "inventoryValue" : 6318484969.90, "lowStockItems" : 7, "outOfStockItems" : 1, "inventoryHealth" : "Good"}, {"storeId" : 68, "storeName" : "RetailMart Leh #68", "city" : "Leh", "state" : "Ladakh", "productsStocked" : 483, "totalUnits" : 123122, "inventoryValue" : 6310786513.00, "lowStockItems" : 10, "outOfStockItems" : 0, "inventoryHealth" : "Good"}, {"storeId" : 52, "storeName" : "RetailMart Pune #52", "city" : "Pune", "state" : "Maharashtra", "productsStocked" : 476, "totalUnits" : 120618, "inventoryValue" : 6304525112.10, "lowStockItems" : 9, "outOfStockItems" : 1, "inventoryHealth" : "Good"}, {"storeId" : 46, "storeName" : "RetailMart Siliguri #46", "city" : "Siliguri", "state" : "West Bengal", "productsStocked" : 486, "totalUnits" : 121639, "inventoryValue" : 6302254397.30, "lowStockItems" : 14, "outOfStockItems" : 3, "inventoryHealth" : "Good"}, {"storeId" : 200, "storeName" : "RetailMart Jaipur #200", "city" : "Jaipur", "state" : "Rajasthan", "productsStocked" : 504, "totalUnits" : 129367, "inventoryValue" : 6299020741.90, "lowStockItems" : 11, "outOfStockItems" : 0, "inventoryHealth" : "Good"}, {"storeId" : 129, "storeName" : "RetailMart Kolkata #129", "city" : "Kolkata", "state" : "West Bengal", "productsStocked" : 491, "totalUnits" : 125342, "inventoryValue" : 6296177259.70, "lowStockItems" : 6, "outOfStockItems" : 0, "inventoryHealth" : "Good"}, {"storeId" : 122, "storeName" : "RetailMart Amritsar #122", "city" : "Amritsar", "state" : "Punjab", "productsStocked" : 480, "totalUnits" : 120940, "inventoryValue" : 6291200917.80, "lowStockItems" : 13, "outOfStockItems" : 1, "inventoryHealth" : "Good"}, {"storeId" : 166, "storeName" : "RetailMart Hyderabad #166", "city" : "Hyderabad", "state" : "Telangana", "productsStocked" : 467, "totalUnits" : 120583, "inventoryValue" : 6286897358.90, "lowStockItems" : 7, "outOfStockItems" : 0, "inventoryHealth" : "Good"}, {"storeId" : 182, "storeName" : "RetailMart Rourkela #182", "city" : "Rourkela", "state" : "Odisha", "productsStocked" : 499, "totalUnits" : 120332, "inventoryValue" : 6284007066.00, "lowStockItems" : 12, "outOfStockItems" : 0, "inventoryHealth" : "Good"}, {"storeId" : 42, "storeName" : "RetailMart Ahmedabad #42", "city" : "Ahmedabad", "state" : "Gujarat", "productsStocked" : 489, "totalUnits" : 122827, "inventoryValue" : 6279859161.80, "lowStockItems" : 9, "outOfStockItems" : 2, "inventoryHealth" : "Good"}, {"storeId" : 74, "storeName" : "RetailMart Varanasi #74", "city" : "Varanasi", "state" : "Uttar Pradesh", "productsStocked" : 473, "totalUnits" : 115431, "inventoryValue" : 6276318013.70, "lowStockItems" : 12, "outOfStockItems" : 0, "inventoryHealth" : "Good"}, {"storeId" : 112, "storeName" : "RetailMart Udaipur #112", "city" : "Udaipur", "state" : "Rajasthan", "productsStocked" : 479, "totalUnits" : 122153, "inventoryValue" : 6275884324.00, "lowStockItems" : 5, "outOfStockItems" : 0, "inventoryHealth" : "Good"}, {"storeId" : 96, "storeName" : "RetailMart Rajkot #96", "city" : "Rajkot", "state" : "Gujarat", "productsStocked" : 478, "totalUnits" : 120718, "inventoryValue" : 6271964058.30, "lowStockItems" : 15, "outOfStockItems" : 1, "inventoryHealth" : "Good"}, {"storeId" : 71, "storeName" : "RetailMart Indore #71", "city" : "Indore", "state" : "Madhya Pradesh", "productsStocked" : 486, "totalUnits" : 119825, "inventoryValue" : 6240259959.80, "lowStockItems" : 10, "outOfStockItems" : 0, "inventoryHealth" : "Good"}, {"storeId" : 175, "storeName" : "RetailMart Erode #175", "city" : "Erode", "state" : "Tamil Nadu", "productsStocked" : 462, "totalUnits" : 119739, "inventoryValue" : 6238020807.50, "lowStockItems" : 9, "outOfStockItems" : 3, "inventoryHealth" : "Good"}, {"storeId" : 177, "storeName" : "RetailMart Warangal #177", "city" : "Warangal", "state" : "Telangana", "productsStocked" : 472, "totalUnits" : 120047, "inventoryValue" : 6236531280.70, "lowStockItems" : 9, "outOfStockItems" : 2, "inventoryHealth" : "Good"}, {"storeId" : 155, "storeName" : "RetailMart Cuttack #155", "city" : "Cuttack", "state" : "Odisha", "productsStocked" : 485, "totalUnits" : 123762, "inventoryValue" : 6234168825.00, "lowStockItems" : 8, "outOfStockItems" : 1, "inventoryHealth" : "Good"}, {"storeId" : 49, "storeName" : "RetailMart Jodhpur #49", "city" : "Jodhpur", "state" : "Rajasthan", "productsStocked" : 490, "totalUnits" : 122156, "inventoryValue" : 6231078056.60, "lowStockItems" : 15, "outOfStockItems" : 2, "inventoryHealth" : "Good"}, {"storeId" : 104, "storeName" : "RetailMart Agartala #104", "city" : "Agartala", "state" : "Tripura", "productsStocked" : 465, "totalUnits" : 119183, "inventoryValue" : 6229694724.20, "lowStockItems" : 9, "outOfStockItems" : 2, "inventoryHealth" : "Good"}, {"storeId" : 64, "storeName" : "RetailMart Chennai #64", "city" : "Chennai", "state" : "Tamil Nadu", "productsStocked" : 486, "totalUnits" : 118643, "inventoryValue" : 6222623563.80, "lowStockItems" : 13, "outOfStockItems" : 0, "inventoryHealth" : "Good"}, {"storeId" : 179, "storeName" : "RetailMart Udupi #179", "city" : "Udupi", "state" : "Karnataka", "productsStocked" : 492, "totalUnits" : 122337, "inventoryValue" : 6190282630.00, "lowStockItems" : 8, "outOfStockItems" : 0, "inventoryHealth" : "Good"}, {"storeId" : 134, "storeName" : "RetailMart Bhubaneswar #134", "city" : "Bhubaneswar", "state" : "Odisha", "productsStocked" : 460, "totalUnits" : 118562, "inventoryValue" : 6187225249.80, "lowStockItems" : 8, "outOfStockItems" : 0, "inventoryHealth" : "Good"}, {"storeId" : 137, "storeName" : "RetailMart Bilaspur #137", "city" : "Bilaspur", "state" : "Chhattisgarh", "productsStocked" : 462, "totalUnits" : 117335, "inventoryValue" : 6176845185.20, "lowStockItems" : 6, "outOfStockItems" : 0, "inventoryHealth" : "Good"}, {"storeId" : 186, "storeName" : "RetailMart Chennai #186", "city" : "Chennai", "state" : "Tamil Nadu", "productsStocked" : 462, "totalUnits" : 122709, "inventoryValue" : 6173114078.70, "lowStockItems" : 7, "outOfStockItems" : 0, "inventoryHealth" : "Good"}, {"storeId" : 143, "storeName" : "RetailMart Ahmedabad #143", "city" : "Ahmedabad", "state" : "Gujarat", "productsStocked" : 492, "totalUnits" : 118739, "inventoryValue" : 6171661964.00, "lowStockItems" : 9, "outOfStockItems" : 1, "inventoryHealth" : "Good"}, {"storeId" : 188, "storeName" : "RetailMart Nashik #188", "city" : "Nashik", "state" : "Maharashtra", "productsStocked" : 463, "totalUnits" : 119141, "inventoryValue" : 6167146267.00, "lowStockItems" : 9, "outOfStockItems" : 1, "inventoryHealth" : "Good"}, {"storeId" : 23, "storeName" : "RetailMart Warangal #23", "city" : "Warangal", "state" : "Telangana", "productsStocked" : 475, "totalUnits" : 118422, "inventoryValue" : 6157173997.70, "lowStockItems" : 10, "outOfStockItems" : 4, "inventoryHealth" : "Good"}, {"storeId" : 199, "storeName" : "RetailMart Imphal #199", "city" : "Imphal", "state" : "Manipur", "productsStocked" : 479, "totalUnits" : 118201, "inventoryValue" : 6155225770.70, "lowStockItems" : 9, "outOfStockItems" : 1, "inventoryHealth" : "Good"}, {"storeId" : 54, "storeName" : "RetailMart Thane #54", "city" : "Thane", "state" : "Maharashtra", "productsStocked" : 470, "totalUnits" : 121881, "inventoryValue" : 6152816918.50, "lowStockItems" : 7, "outOfStockItems" : 1, "inventoryHealth" : "Good"}, {"storeId" : 135, "storeName" : "RetailMart Dhanbad #135", "city" : "Dhanbad", "state" : "Jharkhand", "productsStocked" : 487, "totalUnits" : 122339, "inventoryValue" : 6152531600.40, "lowStockItems" : 11, "outOfStockItems" : 1, "inventoryHealth" : "Good"}, {"storeId" : 72, "storeName" : "RetailMart Agra #72", "city" : "Agra", "state" : "Uttar Pradesh", "productsStocked" : 499, "totalUnits" : 125188, "inventoryValue" : 6151156090.40, "lowStockItems" : 7, "outOfStockItems" : 0, "inventoryHealth" : "Good"}, {"storeId" : 94, "storeName" : "RetailMart Erode #94", "city" : "Erode", "state" : "Tamil Nadu", "productsStocked" : 485, "totalUnits" : 121227, "inventoryValue" : 6148156999.70, "lowStockItems" : 14, "outOfStockItems" : 2, "inventoryHealth" : "Good"}, {"storeId" : 15, "storeName" : "RetailMart Amritsar #15", "city" : "Amritsar", "state" : "Punjab", "productsStocked" : 466, "totalUnits" : 116734, "inventoryValue" : 6145128449.70, "lowStockItems" : 8, "outOfStockItems" : 1, "inventoryHealth" : "Good"}, {"storeId" : 153, "storeName" : "RetailMart Trichy #153", "city" : "Trichy", "state" : "Tamil Nadu", "productsStocked" : 474, "totalUnits" : 118476, "inventoryValue" : 6142368535.20, "lowStockItems" : 6, "outOfStockItems" : 1, "inventoryHealth" : "Good"}, {"storeId" : 87, "storeName" : "RetailMart Bhubaneswar #87", "city" : "Bhubaneswar", "state" : "Odisha", "productsStocked" : 455, "totalUnits" : 113293, "inventoryValue" : 6138105652.90, "lowStockItems" : 13, "outOfStockItems" : 4, "inventoryHealth" : "Good"}, {"storeId" : 58, "storeName" : "RetailMart Dehradun #58", "city" : "Dehradun", "state" : "Uttarakhand", "productsStocked" : 481, "totalUnits" : 119841, "inventoryValue" : 6135665992.50, "lowStockItems" : 10, "outOfStockItems" : 4, "inventoryHealth" : "Good"}, {"storeId" : 151, "storeName" : "RetailMart Howrah #151", "city" : "Howrah", "state" : "West Bengal", "productsStocked" : 477, "totalUnits" : 123767, "inventoryValue" : 6129339138.00, "lowStockItems" : 9, "outOfStockItems" : 2, "inventoryHealth" : "Good"}, {"storeId" : 191, "storeName" : "RetailMart Bhopal #191", "city" : "Bhopal", "state" : "Madhya Pradesh", "productsStocked" : 471, "totalUnits" : 120004, "inventoryValue" : 6125220942.70, "lowStockItems" : 16, "outOfStockItems" : 0, "inventoryHealth" : "Good"}, {"storeId" : 163, "storeName" : "RetailMart Amritsar #163", "city" : "Amritsar", "state" : "Punjab", "productsStocked" : 481, "totalUnits" : 116500, "inventoryValue" : 6124339899.10, "lowStockItems" : 13, "outOfStockItems" : 0, "inventoryHealth" : "Good"}, {"storeId" : 160, "storeName" : "RetailMart Chennai #160", "city" : "Chennai", "state" : "Tamil Nadu", "productsStocked" : 478, "totalUnits" : 123889, "inventoryValue" : 6117054849.70, "lowStockItems" : 11, "outOfStockItems" : 2, "inventoryHealth" : "Good"}, {"storeId" : 113, "storeName" : "RetailMart Ranchi #113", "city" : "Ranchi", "state" : "Jharkhand", "productsStocked" : 465, "totalUnits" : 117273, "inventoryValue" : 6111277367.90, "lowStockItems" : 11, "outOfStockItems" : 1, "inventoryHealth" : "Good"}, {"storeId" : 140, "storeName" : "RetailMart Dehradun #140", "city" : "Dehradun", "state" : "Uttarakhand", "productsStocked" : 471, "totalUnits" : 118544, "inventoryValue" : 6110180235.60, "lowStockItems" : 7, "outOfStockItems" : 2, "inventoryHealth" : "Good"}, {"storeId" : 195, "storeName" : "RetailMart Varanasi #195", "city" : "Varanasi", "state" : "Uttar Pradesh", "productsStocked" : 487, "totalUnits" : 116271, "inventoryValue" : 6100275114.10, "lowStockItems" : 8, "outOfStockItems" : 0, "inventoryHealth" : "Good"}, {"storeId" : 44, "storeName" : "RetailMart Patiala #44", "city" : "Patiala", "state" : "Punjab", "productsStocked" : 488, "totalUnits" : 120237, "inventoryValue" : 6097475078.20, "lowStockItems" : 11, "outOfStockItems" : 1, "inventoryHealth" : "Good"}, {"storeId" : 84, "storeName" : "RetailMart Agra #84", "city" : "Agra", "state" : "Uttar Pradesh", "productsStocked" : 474, "totalUnits" : 120081, "inventoryValue" : 6094808313.50, "lowStockItems" : 9, "outOfStockItems" : 0, "inventoryHealth" : "Good"}, {"storeId" : 63, "storeName" : "RetailMart Port Blair #63", "city" : "Port Blair", "state" : "Andaman and Nicobar Islands", "productsStocked" : 481, "totalUnits" : 121642, "inventoryValue" : 6088948642.20, "lowStockItems" : 10, "outOfStockItems" : 3, "inventoryHealth" : "Good"}, {"storeId" : 180, "storeName" : "RetailMart Udaipur #180", "city" : "Udaipur", "state" : "Rajasthan", "productsStocked" : 481, "totalUnits" : 120896, "inventoryValue" : 6077533909.50, "lowStockItems" : 15, "outOfStockItems" : 1, "inventoryHealth" : "Good"}, {"storeId" : 65, "storeName" : "RetailMart Bhubaneswar #65", "city" : "Bhubaneswar", "state" : "Odisha", "productsStocked" : 496, "totalUnits" : 123617, "inventoryValue" : 6074991568.30, "lowStockItems" : 8, "outOfStockItems" : 0, "inventoryHealth" : "Good"}, {"storeId" : 61, "storeName" : "RetailMart Bhubaneswar #61", "city" : "Bhubaneswar", "state" : "Odisha", "productsStocked" : 472, "totalUnits" : 117657, "inventoryValue" : 6071934059.60, "lowStockItems" : 7, "outOfStockItems" : 0, "inventoryHealth" : "Good"}, {"storeId" : 164, "storeName" : "RetailMart Lucknow #164", "city" : "Lucknow", "state" : "Uttar Pradesh", "productsStocked" : 466, "totalUnits" : 116303, "inventoryValue" : 6068813237.00, "lowStockItems" : 12, "outOfStockItems" : 0, "inventoryHealth" : "Good"}, {"storeId" : 145, "storeName" : "RetailMart Shillong #145", "city" : "Shillong", "state" : "Meghalaya", "productsStocked" : 471, "totalUnits" : 122156, "inventoryValue" : 6064399080.00, "lowStockItems" : 12, "outOfStockItems" : 1, "inventoryHealth" : "Good"}, {"storeId" : 33, "storeName" : "RetailMart Chennai #33", "city" : "Chennai", "state" : "Tamil Nadu", "productsStocked" : 489, "totalUnits" : 121296, "inventoryValue" : 6062254347.60, "lowStockItems" : 6, "outOfStockItems" : 0, "inventoryHealth" : "Good"}, {"storeId" : 120, "storeName" : "RetailMart Agartala #120", "city" : "Agartala", "state" : "Tripura", "productsStocked" : 473, "totalUnits" : 118706, "inventoryValue" : 6059766221.30, "lowStockItems" : 11, "outOfStockItems" : 1, "inventoryHealth" : "Good"}, {"storeId" : 16, "storeName" : "RetailMart Puri #16", "city" : "Puri", "state" : "Odisha", "productsStocked" : 469, "totalUnits" : 119902, "inventoryValue" : 6059350654.70, "lowStockItems" : 6, "outOfStockItems" : 1, "inventoryHealth" : "Good"}, {"storeId" : 76, "storeName" : "RetailMart Varanasi #76", "city" : "Varanasi", "state" : "Uttar Pradesh", "productsStocked" : 469, "totalUnits" : 120322, "inventoryValue" : 6055722302.20, "lowStockItems" : 13, "outOfStockItems" : 0, "inventoryHealth" : "Good"}, {"storeId" : 34, "storeName" : "RetailMart Cuttack #34", "city" : "Cuttack", "state" : "Odisha", "productsStocked" : 475, "totalUnits" : 117588, "inventoryValue" : 6049611991.50, "lowStockItems" : 8, "outOfStockItems" : 0, "inventoryHealth" : "Good"}, {"storeId" : 3, "storeName" : "RetailMart Panaji #3", "city" : "Panaji", "state" : "Goa", "productsStocked" : 462, "totalUnits" : 113879, "inventoryValue" : 6044537127.20, "lowStockItems" : 9, "outOfStockItems" : 1, "inventoryHealth" : "Good"}, {"storeId" : 31, "storeName" : "RetailMart Pune #31", "city" : "Pune", "state" : "Maharashtra", "productsStocked" : 482, "totalUnits" : 122870, "inventoryValue" : 6034898107.80, "lowStockItems" : 8, "outOfStockItems" : 1, "inventoryHealth" : "Good"}, {"storeId" : 193, "storeName" : "RetailMart Muzaffarpur #193", "city" : "Muzaffarpur", "state" : "Bihar", "productsStocked" : 484, "totalUnits" : 119812, "inventoryValue" : 6034138169.30, "lowStockItems" : 8, "outOfStockItems" : 1, "inventoryHealth" : "Good"}, {"storeId" : 97, "storeName" : "RetailMart Cuttack #97", "city" : "Cuttack", "state" : "Odisha", "productsStocked" : 496, "totalUnits" : 121991, "inventoryValue" : 6032427891.70, "lowStockItems" : 9, "outOfStockItems" : 0, "inventoryHealth" : "Good"}, {"storeId" : 27, "storeName" : "RetailMart Noida #27", "city" : "Noida", "state" : "Uttar Pradesh", "productsStocked" : 464, "totalUnits" : 119137, "inventoryValue" : 6025130953.90, "lowStockItems" : 9, "outOfStockItems" : 1, "inventoryHealth" : "Good"}, {"storeId" : 40, "storeName" : "RetailMart Haridwar #40", "city" : "Haridwar", "state" : "Uttarakhand", "productsStocked" : 477, "totalUnits" : 118099, "inventoryValue" : 6020236535.80, "lowStockItems" : 6, "outOfStockItems" : 1, "inventoryHealth" : "Good"}, {"storeId" : 139, "storeName" : "RetailMart Mangalore #139", "city" : "Mangalore", "state" : "Karnataka", "productsStocked" : 489, "totalUnits" : 122201, "inventoryValue" : 6011101817.90, "lowStockItems" : 13, "outOfStockItems" : 1, "inventoryHealth" : "Good"}, {"storeId" : 53, "storeName" : "RetailMart Delhi #53", "city" : "Delhi", "state" : "Delhi", "productsStocked" : 469, "totalUnits" : 117105, "inventoryValue" : 6005739509.90, "lowStockItems" : 7, "outOfStockItems" : 2, "inventoryHealth" : "Good"}, {"storeId" : 37, "storeName" : "RetailMart Patiala #37", "city" : "Patiala", "state" : "Punjab", "productsStocked" : 458, "totalUnits" : 117401, "inventoryValue" : 6003112244.60, "lowStockItems" : 2, "outOfStockItems" : 1, "inventoryHealth" : "Good"}, {"storeId" : 81, "storeName" : "RetailMart Kanpur #81", "city" : "Kanpur", "state" : "Uttar Pradesh", "productsStocked" : 474, "totalUnits" : 119613, "inventoryValue" : 6002901824.10, "lowStockItems" : 16, "outOfStockItems" : 0, "inventoryHealth" : "Good"}, {"storeId" : 165, "storeName" : "RetailMart Amritsar #165", "city" : "Amritsar", "state" : "Punjab", "productsStocked" : 480, "totalUnits" : 115652, "inventoryValue" : 5993969160.80, "lowStockItems" : 10, "outOfStockItems" : 0, "inventoryHealth" : "Good"}, {"storeId" : 24, "storeName" : "RetailMart Jodhpur #24", "city" : "Jodhpur", "state" : "Rajasthan", "productsStocked" : 469, "totalUnits" : 117902, "inventoryValue" : 5990356769.90, "lowStockItems" : 12, "outOfStockItems" : 0, "inventoryHealth" : "Good"}, {"storeId" : 95, "storeName" : "RetailMart Shimla #95", "city" : "Shimla", "state" : "Himachal Pradesh", "productsStocked" : 465, "totalUnits" : 116464, "inventoryValue" : 5976483597.00, "lowStockItems" : 7, "outOfStockItems" : 0, "inventoryHealth" : "Good"}, {"storeId" : 178, "storeName" : "RetailMart Patna #178", "city" : "Patna", "state" : "Bihar", "productsStocked" : 464, "totalUnits" : 116871, "inventoryValue" : 5965693246.60, "lowStockItems" : 10, "outOfStockItems" : 1, "inventoryHealth" : "Good"}, {"storeId" : 121, "storeName" : "RetailMart Udaipur #121", "city" : "Udaipur", "state" : "Rajasthan", "productsStocked" : 470, "totalUnits" : 118727, "inventoryValue" : 5960667713.00, "lowStockItems" : 7, "outOfStockItems" : 2, "inventoryHealth" : "Good"}, {"storeId" : 89, "storeName" : "RetailMart Delhi #89", "city" : "Delhi", "state" : "Delhi", "productsStocked" : 487, "totalUnits" : 119285, "inventoryValue" : 5959027822.60, "lowStockItems" : 11, "outOfStockItems" : 1, "inventoryHealth" : "Good"}, {"storeId" : 51, "storeName" : "RetailMart Ahmedabad #51", "city" : "Ahmedabad", "state" : "Gujarat", "productsStocked" : 496, "totalUnits" : 118787, "inventoryValue" : 5958084760.10, "lowStockItems" : 19, "outOfStockItems" : 4, "inventoryHealth" : "Good"}, {"storeId" : 88, "storeName" : "RetailMart Srinagar #88", "city" : "Srinagar", "state" : "Jammu & Kashmir", "productsStocked" : 474, "totalUnits" : 114350, "inventoryValue" : 5948327557.00, "lowStockItems" : 15, "outOfStockItems" : 0, "inventoryHealth" : "Good"}, {"storeId" : 13, "storeName" : "RetailMart Mumbai #13", "city" : "Mumbai", "state" : "Maharashtra", "productsStocked" : 453, "totalUnits" : 116610, "inventoryValue" : 5944511657.50, "lowStockItems" : 7, "outOfStockItems" : 1, "inventoryHealth" : "Good"}, {"storeId" : 114, "storeName" : "RetailMart Thane #114", "city" : "Thane", "state" : "Maharashtra", "productsStocked" : 483, "totalUnits" : 118178, "inventoryValue" : 5942909449.10, "lowStockItems" : 18, "outOfStockItems" : 1, "inventoryHealth" : "Good"}, {"storeId" : 198, "storeName" : "RetailMart Rourkela #198", "city" : "Rourkela", "state" : "Odisha", "productsStocked" : 477, "totalUnits" : 120758, "inventoryValue" : 5939132174.40, "lowStockItems" : 7, "outOfStockItems" : 1, "inventoryHealth" : "Good"}, {"storeId" : 47, "storeName" : "RetailMart Gwalior #47", "city" : "Gwalior", "state" : "Madhya Pradesh", "productsStocked" : 473, "totalUnits" : 119247, "inventoryValue" : 5938686511.30, "lowStockItems" : 7, "outOfStockItems" : 0, "inventoryHealth" : "Good"}, {"storeId" : 59, "storeName" : "RetailMart Patna #59", "city" : "Patna", "state" : "Bihar", "productsStocked" : 476, "totalUnits" : 117034, "inventoryValue" : 5936422078.40, "lowStockItems" : 12, "outOfStockItems" : 0, "inventoryHealth" : "Good"}, {"storeId" : 172, "storeName" : "RetailMart Udaipur #172", "city" : "Udaipur", "state" : "Rajasthan", "productsStocked" : 484, "totalUnits" : 116582, "inventoryValue" : 5933481193.00, "lowStockItems" : 14, "outOfStockItems" : 1, "inventoryHealth" : "Good"}, {"storeId" : 28, "storeName" : "RetailMart Dehradun #28", "city" : "Dehradun", "state" : "Uttarakhand", "productsStocked" : 480, "totalUnits" : 112042, "inventoryValue" : 5933125571.40, "lowStockItems" : 15, "outOfStockItems" : 1, "inventoryHealth" : "Good"}, {"storeId" : 146, "storeName" : "RetailMart Chennai #146", "city" : "Chennai", "state" : "Tamil Nadu", "productsStocked" : 491, "totalUnits" : 118382, "inventoryValue" : 5929903400.90, "lowStockItems" : 8, "outOfStockItems" : 0, "inventoryHealth" : "Good"}, {"storeId" : 62, "storeName" : "RetailMart Jodhpur #62", "city" : "Jodhpur", "state" : "Rajasthan", "productsStocked" : 475, "totalUnits" : 117118, "inventoryValue" : 5928721816.20, "lowStockItems" : 10, "outOfStockItems" : 0, "inventoryHealth" : "Good"}, {"storeId" : 4, "storeName" : "RetailMart Patna #4", "city" : "Patna", "state" : "Bihar", "productsStocked" : 491, "totalUnits" : 120372, "inventoryValue" : 5927467289.80, "lowStockItems" : 9, "outOfStockItems" : 2, "inventoryHealth" : "Good"}, {"storeId" : 73, "storeName" : "RetailMart Nashik #73", "city" : "Nashik", "state" : "Maharashtra", "productsStocked" : 462, "totalUnits" : 118876, "inventoryValue" : 5927090691.80, "lowStockItems" : 10, "outOfStockItems" : 0, "inventoryHealth" : "Good"}, {"storeId" : 80, "storeName" : "RetailMart Delhi #80", "city" : "Delhi", "state" : "Delhi", "productsStocked" : 462, "totalUnits" : 119845, "inventoryValue" : 5917434454.80, "lowStockItems" : 6, "outOfStockItems" : 0, "inventoryHealth" : "Good"}, {"storeId" : 43, "storeName" : "RetailMart Hyderabad #43", "city" : "Hyderabad", "state" : "Telangana", "productsStocked" : 448, "totalUnits" : 111017, "inventoryValue" : 5904388519.20, "lowStockItems" : 5, "outOfStockItems" : 1, "inventoryHealth" : "Good"}, {"storeId" : 157, "storeName" : "RetailMart Leh #157", "city" : "Leh", "state" : "Ladakh", "productsStocked" : 454, "totalUnits" : 116081, "inventoryValue" : 5899385956.40, "lowStockItems" : 5, "outOfStockItems" : 0, "inventoryHealth" : "Good"}, {"storeId" : 45, "storeName" : "RetailMart Varanasi #45", "city" : "Varanasi", "state" : "Uttar Pradesh", "productsStocked" : 467, "totalUnits" : 114324, "inventoryValue" : 5894482672.00, "lowStockItems" : 14, "outOfStockItems" : 1, "inventoryHealth" : "Good"}, {"storeId" : 162, "storeName" : "RetailMart Rourkela #162", "city" : "Rourkela", "state" : "Odisha", "productsStocked" : 483, "totalUnits" : 119814, "inventoryValue" : 5892920017.30, "lowStockItems" : 10, "outOfStockItems" : 1, "inventoryHealth" : "Good"}, {"storeId" : 125, "storeName" : "RetailMart Karimnagar #125", "city" : "Karimnagar", "state" : "Telangana", "productsStocked" : 491, "totalUnits" : 120001, "inventoryValue" : 5891606753.40, "lowStockItems" : 10, "outOfStockItems" : 1, "inventoryHealth" : "Good"}, {"storeId" : 106, "storeName" : "RetailMart Indore #106", "city" : "Indore", "state" : "Madhya Pradesh", "productsStocked" : 464, "totalUnits" : 115732, "inventoryValue" : 5889985883.60, "lowStockItems" : 6, "outOfStockItems" : 1, "inventoryHealth" : "Good"}, {"storeId" : 111, "storeName" : "RetailMart New Delhi #111", "city" : "New Delhi", "state" : "Delhi", "productsStocked" : 463, "totalUnits" : 114602, "inventoryValue" : 5886139434.20, "lowStockItems" : 5, "outOfStockItems" : 0, "inventoryHealth" : "Good"}, {"storeId" : 118, "storeName" : "RetailMart Dhanbad #118", "city" : "Dhanbad", "state" : "Jharkhand", "productsStocked" : 476, "totalUnits" : 116123, "inventoryValue" : 5883477336.60, "lowStockItems" : 13, "outOfStockItems" : 2, "inventoryHealth" : "Good"}, {"storeId" : 93, "storeName" : "RetailMart Pune #93", "city" : "Pune", "state" : "Maharashtra", "productsStocked" : 469, "totalUnits" : 115268, "inventoryValue" : 5882988305.60, "lowStockItems" : 10, "outOfStockItems" : 1, "inventoryHealth" : "Good"}, {"storeId" : 184, "storeName" : "RetailMart Dehradun #184", "city" : "Dehradun", "state" : "Uttarakhand", "productsStocked" : 455, "totalUnits" : 114528, "inventoryValue" : 5879283289.20, "lowStockItems" : 11, "outOfStockItems" : 1, "inventoryHealth" : "Good"}, {"storeId" : 124, "storeName" : "RetailMart Amritsar #124", "city" : "Amritsar", "state" : "Punjab", "productsStocked" : 457, "totalUnits" : 108884, "inventoryValue" : 5873379319.20, "lowStockItems" : 8, "outOfStockItems" : 0, "inventoryHealth" : "Good"}, {"storeId" : 105, "storeName" : "RetailMart Jodhpur #105", "city" : "Jodhpur", "state" : "Rajasthan", "productsStocked" : 472, "totalUnits" : 117508, "inventoryValue" : 5873012884.80, "lowStockItems" : 9, "outOfStockItems" : 1, "inventoryHealth" : "Good"}, {"storeId" : 116, "storeName" : "RetailMart Kolkata #116", "city" : "Kolkata", "state" : "West Bengal", "productsStocked" : 463, "totalUnits" : 117972, "inventoryValue" : 5872341939.50, "lowStockItems" : 11, "outOfStockItems" : 0, "inventoryHealth" : "Good"}, {"storeId" : 156, "storeName" : "RetailMart Chennai #156", "city" : "Chennai", "state" : "Tamil Nadu", "productsStocked" : 464, "totalUnits" : 117581, "inventoryValue" : 5861518917.50, "lowStockItems" : 8, "outOfStockItems" : 1, "inventoryHealth" : "Good"}, {"storeId" : 171, "storeName" : "RetailMart Gwalior #171", "city" : "Gwalior", "state" : "Madhya Pradesh", "productsStocked" : 461, "totalUnits" : 112406, "inventoryValue" : 5853391674.80, "lowStockItems" : 11, "outOfStockItems" : 0, "inventoryHealth" : "Good"}, {"storeId" : 29, "storeName" : "RetailMart Meerut #29", "city" : "Meerut", "state" : "Uttar Pradesh", "productsStocked" : 458, "totalUnits" : 114621, "inventoryValue" : 5853138667.70, "lowStockItems" : 14, "outOfStockItems" : 1, "inventoryHealth" : "Good"}, {"storeId" : 152, "storeName" : "RetailMart Jodhpur #152", "city" : "Jodhpur", "state" : "Rajasthan", "productsStocked" : 469, "totalUnits" : 113467, "inventoryValue" : 5850855003.50, "lowStockItems" : 6, "outOfStockItems" : 0, "inventoryHealth" : "Good"}, {"storeId" : 196, "storeName" : "RetailMart Nagpur #196", "city" : "Nagpur", "state" : "Maharashtra", "productsStocked" : 474, "totalUnits" : 117323, "inventoryValue" : 5850609320.00, "lowStockItems" : 8, "outOfStockItems" : 1, "inventoryHealth" : "Good"}, {"storeId" : 136, "storeName" : "RetailMart Ludhiana #136", "city" : "Ludhiana", "state" : "Punjab", "productsStocked" : 480, "totalUnits" : 115558, "inventoryValue" : 5847824755.00, "lowStockItems" : 16, "outOfStockItems" : 1, "inventoryHealth" : "Good"}, {"storeId" : 91, "storeName" : "RetailMart Udaipur #91", "city" : "Udaipur", "state" : "Rajasthan", "productsStocked" : 469, "totalUnits" : 118045, "inventoryValue" : 5839180014.40, "lowStockItems" : 8, "outOfStockItems" : 2, "inventoryHealth" : "Good"}, {"storeId" : 168, "storeName" : "RetailMart Bhopal #168", "city" : "Bhopal", "state" : "Madhya Pradesh", "productsStocked" : 457, "totalUnits" : 113239, "inventoryValue" : 5831530327.70, "lowStockItems" : 14, "outOfStockItems" : 1, "inventoryHealth" : "Good"}, {"storeId" : 5, "storeName" : "RetailMart Hyderabad #5", "city" : "Hyderabad", "state" : "Telangana", "productsStocked" : 460, "totalUnits" : 117956, "inventoryValue" : 5821341374.90, "lowStockItems" : 9, "outOfStockItems" : 2, "inventoryHealth" : "Good"}, {"storeId" : 102, "storeName" : "RetailMart Coimbatore #102", "city" : "Coimbatore", "state" : "Tamil Nadu", "productsStocked" : 461, "totalUnits" : 115307, "inventoryValue" : 5820568452.60, "lowStockItems" : 12, "outOfStockItems" : 1, "inventoryHealth" : "Good"}, {"storeId" : 167, "storeName" : "RetailMart Howrah #167", "city" : "Howrah", "state" : "West Bengal", "productsStocked" : 484, "totalUnits" : 118736, "inventoryValue" : 5819094862.00, "lowStockItems" : 7, "outOfStockItems" : 0, "inventoryHealth" : "Good"}, {"storeId" : 25, "storeName" : "RetailMart Puri #25", "city" : "Puri", "state" : "Odisha", "productsStocked" : 472, "totalUnits" : 121492, "inventoryValue" : 5817540666.60, "lowStockItems" : 6, "outOfStockItems" : 0, "inventoryHealth" : "Good"}, {"storeId" : 98, "storeName" : "RetailMart Rourkela #98", "city" : "Rourkela", "state" : "Odisha", "productsStocked" : 463, "totalUnits" : 112216, "inventoryValue" : 5817422111.60, "lowStockItems" : 11, "outOfStockItems" : 1, "inventoryHealth" : "Good"}, {"storeId" : 173, "storeName" : "RetailMart Ludhiana #173", "city" : "Ludhiana", "state" : "Punjab", "productsStocked" : 463, "totalUnits" : 112077, "inventoryValue" : 5816617339.30, "lowStockItems" : 12, "outOfStockItems" : 1, "inventoryHealth" : "Good"}, {"storeId" : 35, "storeName" : "RetailMart Gandhinagar #35", "city" : "Gandhinagar", "state" : "Gujarat", "productsStocked" : 456, "totalUnits" : 114957, "inventoryValue" : 5809321598.70, "lowStockItems" : 8, "outOfStockItems" : 1, "inventoryHealth" : "Good"}, {"storeId" : 38, "storeName" : "RetailMart Varanasi #38", "city" : "Varanasi", "state" : "Uttar Pradesh", "productsStocked" : 467, "totalUnits" : 113052, "inventoryValue" : 5803955457.00, "lowStockItems" : 17, "outOfStockItems" : 1, "inventoryHealth" : "Good"}, {"storeId" : 48, "storeName" : "RetailMart Port Blair #48", "city" : "Port Blair", "state" : "Andaman and Nicobar Islands", "productsStocked" : 457, "totalUnits" : 110687, "inventoryValue" : 5802249898.70, "lowStockItems" : 12, "outOfStockItems" : 2, "inventoryHealth" : "Good"}, {"storeId" : 83, "storeName" : "RetailMart Agra #83", "city" : "Agra", "state" : "Uttar Pradesh", "productsStocked" : 467, "totalUnits" : 115061, "inventoryValue" : 5799016889.90, "lowStockItems" : 16, "outOfStockItems" : 3, "inventoryHealth" : "Good"}, {"storeId" : 26, "storeName" : "RetailMart Lucknow #26", "city" : "Lucknow", "state" : "Uttar Pradesh", "productsStocked" : 471, "totalUnits" : 118519, "inventoryValue" : 5794093413.30, "lowStockItems" : 8, "outOfStockItems" : 0, "inventoryHealth" : "Good"}, {"storeId" : 57, "storeName" : "RetailMart Nagpur #57", "city" : "Nagpur", "state" : "Maharashtra", "productsStocked" : 462, "totalUnits" : 116490, "inventoryValue" : 5789436824.60, "lowStockItems" : 9, "outOfStockItems" : 0, "inventoryHealth" : "Good"}, {"storeId" : 150, "storeName" : "RetailMart Srinagar #150", "city" : "Srinagar", "state" : "Jammu & Kashmir", "productsStocked" : 453, "totalUnits" : 112542, "inventoryValue" : 5786371043.20, "lowStockItems" : 17, "outOfStockItems" : 0, "inventoryHealth" : "Good"}, {"storeId" : 158, "storeName" : "RetailMart Shillong #158", "city" : "Shillong", "state" : "Meghalaya", "productsStocked" : 467, "totalUnits" : 114935, "inventoryValue" : 5783019837.90, "lowStockItems" : 11, "outOfStockItems" : 0, "inventoryHealth" : "Good"}, {"storeId" : 39, "storeName" : "RetailMart Warangal #39", "city" : "Warangal", "state" : "Telangana", "productsStocked" : 437, "totalUnits" : 112933, "inventoryValue" : 5781694133.10, "lowStockItems" : 11, "outOfStockItems" : 1, "inventoryHealth" : "Good"}, {"storeId" : 128, "storeName" : "RetailMart Karimnagar #128", "city" : "Karimnagar", "state" : "Telangana", "productsStocked" : 459, "totalUnits" : 111982, "inventoryValue" : 5780760018.20, "lowStockItems" : 12, "outOfStockItems" : 1, "inventoryHealth" : "Good"}, {"storeId" : 100, "storeName" : "RetailMart Nashik #100", "city" : "Nashik", "state" : "Maharashtra", "productsStocked" : 459, "totalUnits" : 113500, "inventoryValue" : 5776672537.20, "lowStockItems" : 11, "outOfStockItems" : 0, "inventoryHealth" : "Good"}, {"storeId" : 56, "storeName" : "RetailMart Kolkata #56", "city" : "Kolkata", "state" : "West Bengal", "productsStocked" : 453, "totalUnits" : 112166, "inventoryValue" : 5776172591.40, "lowStockItems" : 10, "outOfStockItems" : 0, "inventoryHealth" : "Good"}, {"storeId" : 107, "storeName" : "RetailMart Ahmedabad #107", "city" : "Ahmedabad", "state" : "Gujarat", "productsStocked" : 446, "totalUnits" : 115035, "inventoryValue" : 5765199142.40, "lowStockItems" : 6, "outOfStockItems" : 2, "inventoryHealth" : "Good"}, {"storeId" : 130, "storeName" : "RetailMart Meerut #130", "city" : "Meerut", "state" : "Uttar Pradesh", "productsStocked" : 465, "totalUnits" : 114052, "inventoryValue" : 5761267395.50, "lowStockItems" : 7, "outOfStockItems" : 0, "inventoryHealth" : "Good"}, {"storeId" : 79, "storeName" : "RetailMart Dhanbad #79", "city" : "Dhanbad", "state" : "Jharkhand", "productsStocked" : 453, "totalUnits" : 113479, "inventoryValue" : 5755381433.30, "lowStockItems" : 8, "outOfStockItems" : 2, "inventoryHealth" : "Good"}, {"storeId" : 32, "storeName" : "RetailMart Ahmedabad #32", "city" : "Ahmedabad", "state" : "Gujarat", "productsStocked" : 458, "totalUnits" : 115192, "inventoryValue" : 5748690375.10, "lowStockItems" : 8, "outOfStockItems" : 1, "inventoryHealth" : "Good"}, {"storeId" : 119, "storeName" : "RetailMart Cuttack #119", "city" : "Cuttack", "state" : "Odisha", "productsStocked" : 478, "totalUnits" : 112980, "inventoryValue" : 5745622665.80, "lowStockItems" : 14, "outOfStockItems" : 1, "inventoryHealth" : "Good"}, {"storeId" : 103, "storeName" : "RetailMart Hyderabad #103", "city" : "Hyderabad", "state" : "Telangana", "productsStocked" : 477, "totalUnits" : 113931, "inventoryValue" : 5742725161.00, "lowStockItems" : 9, "outOfStockItems" : 1, "inventoryHealth" : "Good"}, {"storeId" : 8, "storeName" : "RetailMart Ahmedabad #8", "city" : "Ahmedabad", "state" : "Gujarat", "productsStocked" : 466, "totalUnits" : 112584, "inventoryValue" : 5741972041.20, "lowStockItems" : 9, "outOfStockItems" : 0, "inventoryHealth" : "Good"}, {"storeId" : 174, "storeName" : "RetailMart Bengaluru #174", "city" : "Bengaluru", "state" : "Karnataka", "productsStocked" : 471, "totalUnits" : 114882, "inventoryValue" : 5737046100.40, "lowStockItems" : 8, "outOfStockItems" : 1, "inventoryHealth" : "Good"}, {"storeId" : 183, "storeName" : "RetailMart Panaji #183", "city" : "Panaji", "state" : "Goa", "productsStocked" : 462, "totalUnits" : 113966, "inventoryValue" : 5732971101.30, "lowStockItems" : 7, "outOfStockItems" : 1, "inventoryHealth" : "Good"}, {"storeId" : 176, "storeName" : "RetailMart Gaya #176", "city" : "Gaya", "state" : "Bihar", "productsStocked" : 436, "totalUnits" : 111285, "inventoryValue" : 5731075692.70, "lowStockItems" : 8, "outOfStockItems" : 0, "inventoryHealth" : "Good"}, {"storeId" : 148, "storeName" : "RetailMart Bengaluru #148", "city" : "Bengaluru", "state" : "Karnataka", "productsStocked" : 456, "totalUnits" : 115720, "inventoryValue" : 5728294649.60, "lowStockItems" : 8, "outOfStockItems" : 0, "inventoryHealth" : "Good"}, {"storeId" : 70, "storeName" : "RetailMart New Delhi #70", "city" : "New Delhi", "state" : "Delhi", "productsStocked" : 467, "totalUnits" : 116863, "inventoryValue" : 5720199873.10, "lowStockItems" : 6, "outOfStockItems" : 0, "inventoryHealth" : "Good"}, {"storeId" : 77, "storeName" : "RetailMart Gandhinagar #77", "city" : "Gandhinagar", "state" : "Gujarat", "productsStocked" : 470, "totalUnits" : 113833, "inventoryValue" : 5719538389.30, "lowStockItems" : 10, "outOfStockItems" : 2, "inventoryHealth" : "Good"}, {"storeId" : 92, "storeName" : "RetailMart Patna #92", "city" : "Patna", "state" : "Bihar", "productsStocked" : 451, "totalUnits" : 114448, "inventoryValue" : 5706423971.70, "lowStockItems" : 12, "outOfStockItems" : 2, "inventoryHealth" : "Good"}, {"storeId" : 161, "storeName" : "RetailMart Imphal #161", "city" : "Imphal", "state" : "Manipur", "productsStocked" : 478, "totalUnits" : 117269, "inventoryValue" : 5692013540.00, "lowStockItems" : 12, "outOfStockItems" : 0, "inventoryHealth" : "Good"}, {"storeId" : 187, "storeName" : "RetailMart Gandhinagar #187", "city" : "Gandhinagar", "state" : "Gujarat", "productsStocked" : 468, "totalUnits" : 115455, "inventoryValue" : 5675035483.10, "lowStockItems" : 8, "outOfStockItems" : 0, "inventoryHealth" : "Good"}, {"storeId" : 126, "storeName" : "RetailMart Dehradun #126", "city" : "Dehradun", "state" : "Uttarakhand", "productsStocked" : 457, "totalUnits" : 113815, "inventoryValue" : 5651397994.80, "lowStockItems" : 8, "outOfStockItems" : 0, "inventoryHealth" : "Good"}, {"storeId" : 19, "storeName" : "RetailMart Jodhpur #19", "city" : "Jodhpur", "state" : "Rajasthan", "productsStocked" : 462, "totalUnits" : 115677, "inventoryValue" : 5643749456.00, "lowStockItems" : 12, "outOfStockItems" : 1, "inventoryHealth" : "Good"}, {"storeId" : 41, "storeName" : "RetailMart Warangal #41", "city" : "Warangal", "state" : "Telangana", "productsStocked" : 474, "totalUnits" : 112402, "inventoryValue" : 5638674102.80, "lowStockItems" : 13, "outOfStockItems" : 0, "inventoryHealth" : "Good"}, {"storeId" : 110, "storeName" : "RetailMart Bhubaneswar #110", "city" : "Bhubaneswar", "state" : "Odisha", "productsStocked" : 463, "totalUnits" : 108667, "inventoryValue" : 5635033528.20, "lowStockItems" : 9, "outOfStockItems" : 2, "inventoryHealth" : "Good"}, {"storeId" : 154, "storeName" : "RetailMart Thane #154", "city" : "Thane", "state" : "Maharashtra", "productsStocked" : 452, "totalUnits" : 109525, "inventoryValue" : 5620493987.90, "lowStockItems" : 8, "outOfStockItems" : 0, "inventoryHealth" : "Good"}, {"storeId" : 108, "storeName" : "RetailMart Mysuru #108", "city" : "Mysuru", "state" : "Karnataka", "productsStocked" : 445, "totalUnits" : 112714, "inventoryValue" : 5612804145.40, "lowStockItems" : 9, "outOfStockItems" : 0, "inventoryHealth" : "Good"}, {"storeId" : 123, "storeName" : "RetailMart Noida #123", "city" : "Noida", "state" : "Uttar Pradesh", "productsStocked" : 470, "totalUnits" : 111602, "inventoryValue" : 5609977621.70, "lowStockItems" : 10, "outOfStockItems" : 0, "inventoryHealth" : "Good"}, {"storeId" : 36, "storeName" : "RetailMart Amritsar #36", "city" : "Amritsar", "state" : "Punjab", "productsStocked" : 481, "totalUnits" : 115533, "inventoryValue" : 5602221422.30, "lowStockItems" : 12, "outOfStockItems" : 1, "inventoryHealth" : "Good"}, {"storeId" : 60, "storeName" : "RetailMart New Delhi #60", "city" : "New Delhi", "state" : "Delhi", "productsStocked" : 428, "totalUnits" : 107865, "inventoryValue" : 5597358097.70, "lowStockItems" : 6, "outOfStockItems" : 0, "inventoryHealth" : "Good"}, {"storeId" : 138, "storeName" : "RetailMart Varanasi #138", "city" : "Varanasi", "state" : "Uttar Pradesh", "productsStocked" : 462, "totalUnits" : 111262, "inventoryValue" : 5593991038.90, "lowStockItems" : 11, "outOfStockItems" : 1, "inventoryHealth" : "Good"}, {"storeId" : 1, "storeName" : "RetailMart Nashik #1", "city" : "Nashik", "state" : "Maharashtra", "productsStocked" : 470, "totalUnits" : 113609, "inventoryValue" : 5589836861.00, "lowStockItems" : 9, "outOfStockItems" : 2, "inventoryHealth" : "Good"}, {"storeId" : 131, "storeName" : "RetailMart Karimnagar #131", "city" : "Karimnagar", "state" : "Telangana", "productsStocked" : 451, "totalUnits" : 113214, "inventoryValue" : 5577135934.00, "lowStockItems" : 7, "outOfStockItems" : 0, "inventoryHealth" : "Good"}, {"storeId" : 181, "storeName" : "RetailMart Surat #181", "city" : "Surat", "state" : "Gujarat", "productsStocked" : 450, "totalUnits" : 109492, "inventoryValue" : 5537843627.20, "lowStockItems" : 8, "outOfStockItems" : 1, "inventoryHealth" : "Good"}, {"storeId" : 14, "storeName" : "RetailMart Puri #14", "city" : "Puri", "state" : "Odisha", "productsStocked" : 460, "totalUnits" : 113160, "inventoryValue" : 5532849984.40, "lowStockItems" : 9, "outOfStockItems" : 1, "inventoryHealth" : "Good"}, {"storeId" : 185, "storeName" : "RetailMart Warangal #185", "city" : "Warangal", "state" : "Telangana", "productsStocked" : 445, "totalUnits" : 109574, "inventoryValue" : 5512349283.90, "lowStockItems" : 11, "outOfStockItems" : 0, "inventoryHealth" : "Good"}, {"storeId" : 75, "storeName" : "RetailMart Karimnagar #75", "city" : "Karimnagar", "state" : "Telangana", "productsStocked" : 448, "totalUnits" : 110464, "inventoryValue" : 5501104193.00, "lowStockItems" : 9, "outOfStockItems" : 0, "inventoryHealth" : "Good"}, {"storeId" : 20, "storeName" : "RetailMart Gandhinagar #20", "city" : "Gandhinagar", "state" : "Gujarat", "productsStocked" : 450, "totalUnits" : 108330, "inventoryValue" : 5494654250.50, "lowStockItems" : 6, "outOfStockItems" : 1, "inventoryHealth" : "Good"}, {"storeId" : 22, "storeName" : "RetailMart Pune #22", "city" : "Pune", "state" : "Maharashtra", "productsStocked" : 445, "totalUnits" : 104434, "inventoryValue" : 5477067158.80, "lowStockItems" : 10, "outOfStockItems" : 2, "inventoryHealth" : "Good"}, {"storeId" : 169, "storeName" : "RetailMart Mumbai #169", "city" : "Mumbai", "state" : "Maharashtra", "productsStocked" : 454, "totalUnits" : 108040, "inventoryValue" : 5470613425.60, "lowStockItems" : 12, "outOfStockItems" : 1, "inventoryHealth" : "Good"}, {"storeId" : 101, "storeName" : "RetailMart Mysuru #101", "city" : "Mysuru", "state" : "Karnataka", "productsStocked" : 470, "totalUnits" : 112849, "inventoryValue" : 5465631198.80, "lowStockItems" : 7, "outOfStockItems" : 0, "inventoryHealth" : "Good"}, {"storeId" : 82, "storeName" : "RetailMart Delhi #82", "city" : "Delhi", "state" : "Delhi", "productsStocked" : 460, "totalUnits" : 110912, "inventoryValue" : 5457398208.60, "lowStockItems" : 10, "outOfStockItems" : 1, "inventoryHealth" : "Good"}, {"storeId" : 30, "storeName" : "RetailMart Jaipur #30", "city" : "Jaipur", "state" : "Rajasthan", "productsStocked" : 434, "totalUnits" : 108029, "inventoryValue" : 5445420574.20, "lowStockItems" : 7, "outOfStockItems" : 2, "inventoryHealth" : "Good"}, {"storeId" : 7, "storeName" : "RetailMart Delhi #7", "city" : "Delhi", "state" : "Delhi", "productsStocked" : 455, "totalUnits" : 113152, "inventoryValue" : 5427483127.60, "lowStockItems" : 10, "outOfStockItems" : 0, "inventoryHealth" : "Good"}, {"storeId" : 109, "storeName" : "RetailMart Gwalior #109", "city" : "Gwalior", "state" : "Madhya Pradesh", "productsStocked" : 454, "totalUnits" : 111572, "inventoryValue" : 5370057428.40, "lowStockItems" : 10, "outOfStockItems" : 0, "inventoryHealth" : "Good"}, {"storeId" : 55, "storeName" : "RetailMart Aizawl #55", "city" : "Aizawl", "state" : "Mizoram", "productsStocked" : 440, "totalUnits" : 105532, "inventoryValue" : 5346881144.90, "lowStockItems" : 5, "outOfStockItems" : 2, "inventoryHealth" : "Good"}, {"storeId" : 132, "storeName" : "RetailMart Kota #132", "city" : "Kota", "state" : "Rajasthan", "productsStocked" : 425, "totalUnits" : 107428, "inventoryValue" : 5208719932.10, "lowStockItems" : 6, "outOfStockItems" : 0, "inventoryHealth" : "Good"}, {"storeId" : 192, "storeName" : "RetailMart Srinagar #192", "city" : "Srinagar", "state" : "Jammu & Kashmir", "productsStocked" : 430, "totalUnits" : 102186, "inventoryValue" : 5163729684.80, "lowStockItems" : 10, "outOfStockItems" : 0, "inventoryHealth" : "Good"}]}
