[{"storeId" : 179, "storeName" : "RetailMart Udupi #179", "city" : "Udupi", "state" : "Karnataka", "region" : "West", "orders" : 229, "revenue" : 80599717.63, "expenses" : 10709288.93, "profit" : 69890428.70, "profitMargin" : 86.71, "customers" : 229, "employees" : 6, "revenuePerEmployee" : 13433286.27, "revenueRank" : 1, "profitRank" : 2}, {"storeId" : 99, "storeName" : "RetailMart Bilaspur #99", "city" : "Bilaspur", "state" : "Chhattisgarh", "region" : "North", "orders" : 215, "revenue" : 80537165.44, "expenses" : 9209603.65, "profit" : 71327561.79, "profitMargin" : 88.56, "customers" : 214, "employees" : 12, "revenuePerEmployee" : 6711430.45, "revenueRank" : 2, "profitRank" : 1}, {"storeId" : 149, "storeName" : "RetailMart Erode #149", "city" : "Erode", "state" : "Tamil Nadu", "region" : "North", "orders" : 215, "revenue" : 77729617.23, "expenses" : 8144941.74, "profit" : 69584675.49, "profitMargin" : 89.52, "customers" : 215, "employees" : 19, "revenuePerEmployee" : 4091032.49, "revenueRank" : 3, "profitRank" : 3}, {"storeId" : 144, "storeName" : "RetailMart Kolkata #144", "city" : "Kolkata", "state" : "West Bengal", "region" : "Central", "orders" : 228, "revenue" : 77612743.36, "expenses" : 9382800.10, "profit" : 68229943.26, "profitMargin" : 87.91, "customers" : 226, "employees" : 12, "revenuePerEmployee" : 6467728.61, "revenueRank" : 4, "profitRank" : 4}, {"storeId" : 5, "storeName" : "RetailMart Hyderabad #5", "city" : "Hyderabad", "state" : "Telangana", "region" : "South", "orders" : 228, "revenue" : 75630635.23, "expenses" : 12368238.20, "profit" : 63262397.03, "profitMargin" : 83.65, "customers" : 228, "employees" : 15, "revenuePerEmployee" : 5042042.35, "revenueRank" : 5, "profitRank" : 8}, {"storeId" : 11, "storeName" : "RetailMart Dehradun #11", "city" : "Dehradun", "state" : "Uttarakhand", "region" : "East", "orders" : 208, "revenue" : 75449563.55, "expenses" : 9628611.44, "profit" : 65820952.11, "profitMargin" : 87.24, "customers" : 208, "employees" : 14, "revenuePerEmployee" : 5389254.54, "revenueRank" : 6, "profitRank" : 5}, {"storeId" : 17, "storeName" : "RetailMart Jamshedpur #17", "city" : "Jamshedpur", "state" : "Jharkhand", "region" : "North", "orders" : 216, "revenue" : 75346582.60, "expenses" : 12133916.60, "profit" : 63212666.00, "profitMargin" : 83.90, "customers" : 215, "employees" : 19, "revenuePerEmployee" : 3965609.61, "revenueRank" : 7, "profitRank" : 9}, {"storeId" : 198, "storeName" : "RetailMart Rourkela #198", "city" : "Rourkela", "state" : "Odisha", "region" : "South", "orders" : 219, "revenue" : 73369250.15, "expenses" : 13629895.25, "profit" : 59739354.90, "profitMargin" : 81.42, "customers" : 218, "employees" : 14, "revenuePerEmployee" : 5240660.73, "revenueRank" : 8, "profitRank" : 26}, {"storeId" : 117, "storeName" : "RetailMart Trichy #117", "city" : "Trichy", "state" : "Tamil Nadu", "region" : "Central", "orders" : 215, "revenue" : 73360698.72, "expenses" : 9130077.24, "profit" : 64230621.48, "profitMargin" : 87.55, "customers" : 215, "employees" : 24, "revenuePerEmployee" : 3056695.78, "revenueRank" : 9, "profitRank" : 6}, {"storeId" : 3, "storeName" : "RetailMart Panaji #3", "city" : "Panaji", "state" : "Goa", "region" : "North", "orders" : 180, "revenue" : 72395404.63, "expenses" : 9720615.26, "profit" : 62674789.37, "profitMargin" : 86.57, "customers" : 179, "employees" : 14, "revenuePerEmployee" : 5171100.33, "revenueRank" : 10, "profitRank" : 11}, {"storeId" : 123, "storeName" : "RetailMart Noida #123", "city" : "Noida", "state" : "Uttar Pradesh", "region" : "North", "orders" : 223, "revenue" : 72249379.61, "expenses" : 10155770.92, "profit" : 62093608.69, "profitMargin" : 85.94, "customers" : 223, "employees" : 16, "revenuePerEmployee" : 4515586.23, "revenueRank" : 11, "profitRank" : 14}, {"storeId" : 32, "storeName" : "RetailMart Ahmedabad #32", "city" : "Ahmedabad", "state" : "Gujarat", "region" : "Central", "orders" : 203, "revenue" : 72244196.66, "expenses" : 8599653.84, "profit" : 63644542.82, "profitMargin" : 88.10, "customers" : 203, "employees" : 20, "revenuePerEmployee" : 3612209.83, "revenueRank" : 12, "profitRank" : 7}, {"storeId" : 159, "storeName" : "RetailMart Ludhiana #159", "city" : "Ludhiana", "state" : "Punjab", "region" : "South", "orders" : 186, "revenue" : 72133084.30, "expenses" : 9623430.94, "profit" : 62509653.36, "profitMargin" : 86.66, "customers" : 185, "employees" : 19, "revenuePerEmployee" : 3796478.12, "revenueRank" : 13, "profitRank" : 12}, {"storeId" : 110, "storeName" : "RetailMart Bhubaneswar #110", "city" : "Bhubaneswar", "state" : "Odisha", "region" : "North", "orders" : 210, "revenue" : 71943670.50, "expenses" : 10288393.71, "profit" : 61655276.79, "profitMargin" : 85.70, "customers" : 210, "employees" : 11, "revenuePerEmployee" : 6540333.68, "revenueRank" : 14, "profitRank" : 15}, {"storeId" : 78, "storeName" : "RetailMart Panaji #78", "city" : "Panaji", "state" : "Goa", "region" : "Central", "orders" : 207, "revenue" : 71741275.37, "expenses" : 8856587.42, "profit" : 62884687.95, "profitMargin" : 87.65, "customers" : 207, "employees" : 17, "revenuePerEmployee" : 4220075.02, "revenueRank" : 15, "profitRank" : 10}, {"storeId" : 139, "storeName" : "RetailMart Mangalore #139", "city" : "Mangalore", "state" : "Karnataka", "region" : "South", "orders" : 201, "revenue" : 71597890.29, "expenses" : 12054153.62, "profit" : 59543736.67, "profitMargin" : 83.16, "customers" : 201, "employees" : 8, "revenuePerEmployee" : 8949736.29, "revenueRank" : 16, "profitRank" : 28}, {"storeId" : 35, "storeName" : "RetailMart Gandhinagar #35", "city" : "Gandhinagar", "state" : "Gujarat", "region" : "West", "orders" : 198, "revenue" : 71569806.58, "expenses" : 9422610.72, "profit" : 62147195.86, "profitMargin" : 86.83, "customers" : 198, "employees" : 13, "revenuePerEmployee" : 5505369.74, "revenueRank" : 17, "profitRank" : 13}, {"storeId" : 154, "storeName" : "RetailMart Thane #154", "city" : "Thane", "state" : "Maharashtra", "region" : "West", "orders" : 219, "revenue" : 71442906.20, "expenses" : 12090084.81, "profit" : 59352821.39, "profitMargin" : 83.08, "customers" : 218, "employees" : 21, "revenuePerEmployee" : 3402043.15, "revenueRank" : 18, "profitRank" : 30}, {"storeId" : 18, "storeName" : "RetailMart Bhubaneswar #18", "city" : "Bhubaneswar", "state" : "Odisha", "region" : "Central", "orders" : 184, "revenue" : 71184915.57, "expenses" : 11175512.82, "profit" : 60009402.75, "profitMargin" : 84.30, "customers" : 184, "employees" : 15, "revenuePerEmployee" : 4745661.04, "revenueRank" : 19, "profitRank" : 23}, {"storeId" : 47, "storeName" : "RetailMart Gwalior #47", "city" : "Gwalior", "state" : "Madhya Pradesh", "region" : "South", "orders" : 207, "revenue" : 70842804.05, "expenses" : 10870339.30, "profit" : 59972464.75, "profitMargin" : 84.66, "customers" : 207, "employees" : 6, "revenuePerEmployee" : 11807134.01, "revenueRank" : 20, "profitRank" : 24}]
