[{"tier" : "Platinum", "customerCount" : 26115, "totalRevenue" : 37918669895.75, "avgRevenue" : 1451988.13, "pctOfCustomers" : 98.78, "pctOfRevenue" : 99.99}, {"tier" : "Gold", "customerCount" : 147, "totalRevenue" : 1690476.62, "avgRevenue" : 11499.84, "pctOfCustomers" : 0.56, "pctOfRevenue" : 0.00}, {"tier" : "Silver", "customerCount" : 103, "totalRevenue" : 566648.23, "avgRevenue" : 5501.44, "pctOfCustomers" : 0.39, "pctOfRevenue" : 0.00}, {"tier" : "Bronze", "customerCount" : 50, "totalRevenue" : 100148.87, "avgRevenue" : 2002.98, "pctOfCustomers" : 0.19, "pctOfRevenue" : 0.00}, {"tier" : "Basic", "customerCount" : 23, "totalRevenue" : 13284.70, "avgRevenue" : 577.60, "pctOfCustomers" : 0.09, "pctOfRevenue" : 0.00}]
