[{"ageGroup" : "35-44", "gender" : "F", "customerCount" : 2838, "totalRevenue" : 1340169590.22, "avgRevenuePerCustomer" : 472223.25, "pctOfCustomers" : 10.73, "pctOfRevenue" : 10.60}, {"ageGroup" : "55-64", "gender" : "F", "customerCount" : 2757, "totalRevenue" : 1334950860.81, "avgRevenuePerCustomer" : 484204.16, "pctOfCustomers" : 10.43, "pctOfRevenue" : 10.56}, {"ageGroup" : "55-64", "gender" : "M", "customerCount" : 2772, "totalRevenue" : 1334070177.90, "avgRevenuePerCustomer" : 481266.30, "pctOfCustomers" : 10.48, "pctOfRevenue" : 10.55}, {"ageGroup" : "45-54", "gender" : "M", "customerCount" : 2766, "totalRevenue" : 1332101953.38, "avgRevenuePerCustomer" : 481598.68, "pctOfCustomers" : 10.46, "pctOfRevenue" : 10.53}, {"ageGroup" : "25-34", "gender" : "M", "customerCount" : 2708, "totalRevenue" : 1319926267.65, "avgRevenuePerCustomer" : 487417.38, "pctOfCustomers" : 10.24, "pctOfRevenue" : 10.44}, {"ageGroup" : "25-34", "gender" : "F", "customerCount" : 2719, "totalRevenue" : 1308624684.42, "avgRevenuePerCustomer" : 481288.96, "pctOfCustomers" : 10.28, "pctOfRevenue" : 10.35}, {"ageGroup" : "35-44", "gender" : "M", "customerCount" : 2741, "totalRevenue" : 1296302747.92, "avgRevenuePerCustomer" : 472930.59, "pctOfCustomers" : 10.37, "pctOfRevenue" : 10.25}, {"ageGroup" : "45-54", "gender" : "F", "customerCount" : 2761, "totalRevenue" : 1285143077.30, "avgRevenuePerCustomer" : 465462.90, "pctOfCustomers" : 10.44, "pctOfRevenue" : 10.16}, {"ageGroup" : "18-24", "gender" : "M", "customerCount" : 1922, "totalRevenue" : 929163132.67, "avgRevenuePerCustomer" : 483435.55, "pctOfCustomers" : 7.27, "pctOfRevenue" : 7.35}, {"ageGroup" : "18-24", "gender" : "F", "customerCount" : 1908, "totalRevenue" : 892405570.49, "avgRevenuePerCustomer" : 467717.80, "pctOfCustomers" : 7.22, "pctOfRevenue" : 7.06}, {"ageGroup" : "65+", "gender" : "F", "customerCount" : 276, "totalRevenue" : 147008408.61, "avgRevenuePerCustomer" : 532639.16, "pctOfCustomers" : 1.04, "pctOfRevenue" : 1.16}, {"ageGroup" : "65+", "gender" : "M", "customerCount" : 270, "totalRevenue" : 124752237.98, "avgRevenuePerCustomer" : 462045.33, "pctOfCustomers" : 1.02, "pctOfRevenue" : 0.99}]
