[{"state" : "Punjab", "city" : "Amritsar", "customerCount" : 728, "totalOrders" : 611, "totalRevenue" : 208733051.01, "avgOrderValue" : 341625.29, "revenuePerCustomer" : 286721.22, "rank" : 1}, {"state" : "Uttar Pradesh", "city" : "Noida", "customerCount" : 813, "totalOrders" : 606, "totalRevenue" : 208569252.00, "avgOrderValue" : 344173.68, "revenuePerCustomer" : 256542.75, "rank" : 2}, {"state" : "Maharashtra", "city" : "Nashik", "customerCount" : 772, "totalOrders" : 592, "totalRevenue" : 206800228.88, "avgOrderValue" : 349324.71, "revenuePerCustomer" : 267875.94, "rank" : 3}, {"state" : "Bihar", "city" : "Muzaffarpur", "customerCount" : 692, "totalOrders" : 578, "totalRevenue" : 202355915.77, "avgOrderValue" : 350096.74, "revenuePerCustomer" : 292421.84, "rank" : 4}, {"state" : "Bihar", "city" : "Gaya", "customerCount" : 736, "totalOrders" : 582, "totalRevenue" : 201637807.77, "avgOrderValue" : 346456.71, "revenuePerCustomer" : 273964.41, "rank" : 5}, {"state" : "Punjab", "city" : "Chandigarh", "customerCount" : 758, "totalOrders" : 552, "totalRevenue" : 200045931.74, "avgOrderValue" : 362402.05, "revenuePerCustomer" : 263912.84, "rank" : 6}, {"state" : "Rajasthan", "city" : "Jaipur", "customerCount" : 747, "totalOrders" : 593, "totalRevenue" : 199775964.28, "avgOrderValue" : 336890.33, "revenuePerCustomer" : 267437.70, "rank" : 7}, {"state" : "Uttarakhand", "city" : "Dehradun", "customerCount" : 714, "totalOrders" : 561, "totalRevenue" : 197270829.72, "avgOrderValue" : 351641.41, "revenuePerCustomer" : 276289.68, "rank" : 8}, {"state" : "Uttar Pradesh", "city" : "Prayagraj", "customerCount" : 725, "totalOrders" : 577, "totalRevenue" : 196021793.23, "avgOrderValue" : 339725.81, "revenuePerCustomer" : 270374.89, "rank" : 9}, {"state" : "Gujarat", "city" : "Vadodara", "customerCount" : 741, "totalOrders" : 587, "totalRevenue" : 195123545.13, "avgOrderValue" : 332408.08, "revenuePerCustomer" : 263324.62, "rank" : 10}, {"state" : "Tamil Nadu", "city" : "Madurai", "customerCount" : 708, "totalOrders" : 550, "totalRevenue" : 194956267.90, "avgOrderValue" : 354465.94, "revenuePerCustomer" : 275361.96, "rank" : 11}, {"state" : "Delhi", "city" : "Delhi", "customerCount" : 722, "totalOrders" : 567, "totalRevenue" : 194395185.69, "avgOrderValue" : 342848.65, "revenuePerCustomer" : 269245.41, "rank" : 12}, {"state" : "Andaman and Nicobar Islands", "city" : "Port Blair", "customerCount" : 731, "totalOrders" : 561, "totalRevenue" : 194046445.64, "avgOrderValue" : 345893.84, "revenuePerCustomer" : 265453.41, "rank" : 13}, {"state" : "Maharashtra", "city" : "Thane", "customerCount" : 738, "totalOrders" : 549, "totalRevenue" : 189534783.52, "avgOrderValue" : 345236.40, "revenuePerCustomer" : 256822.20, "rank" : 14}, {"state" : "Karnataka", "city" : "Bengaluru", "customerCount" : 704, "totalOrders" : 544, "totalRevenue" : 187755388.32, "avgOrderValue" : 345138.58, "revenuePerCustomer" : 266697.99, "rank" : 15}, {"state" : "Gujarat", "city" : "Rajkot", "customerCount" : 733, "totalOrders" : 567, "totalRevenue" : 187196032.70, "avgOrderValue" : 330151.73, "revenuePerCustomer" : 255383.40, "rank" : 16}, {"state" : "Madhya Pradesh", "city" : "Bhopal", "customerCount" : 760, "totalOrders" : 571, "totalRevenue" : 187091925.28, "avgOrderValue" : 327656.61, "revenuePerCustomer" : 246173.59, "rank" : 17}, {"state" : "Odisha", "city" : "Rourkela", "customerCount" : 702, "totalOrders" : 565, "totalRevenue" : 186693373.51, "avgOrderValue" : 330430.75, "revenuePerCustomer" : 265944.98, "rank" : 18}, {"state" : "Jammu & Kashmir", "city" : "Srinagar", "customerCount" : 725, "totalOrders" : 568, "totalRevenue" : 186328059.75, "avgOrderValue" : 328042.36, "revenuePerCustomer" : 257004.22, "rank" : 19}, {"state" : "Tamil Nadu", "city" : "Salem", "customerCount" : 728, "totalOrders" : 552, "totalRevenue" : 186219225.81, "avgOrderValue" : 337353.67, "revenuePerCustomer" : 255795.64, "rank" : 20}, {"state" : "Tripura", "city" : "Agartala", "customerCount" : 709, "totalOrders" : 541, "totalRevenue" : 186022231.70, "avgOrderValue" : 343848.86, "revenuePerCustomer" : 262372.68, "rank" : 21}, {"state" : "Bihar", "city" : "Patna", "customerCount" : 743, "totalOrders" : 541, "totalRevenue" : 185775011.55, "avgOrderValue" : 343391.89, "revenuePerCustomer" : 250033.66, "rank" : 22}, {"state" : "Telangana", "city" : "Karimnagar", "customerCount" : 742, "totalOrders" : 557, "totalRevenue" : 185341127.51, "avgOrderValue" : 332748.88, "revenuePerCustomer" : 249785.89, "rank" : 23}, {"state" : "Odisha", "city" : "Bhubaneswar", "customerCount" : 713, "totalOrders" : 548, "totalRevenue" : 184964470.56, "avgOrderValue" : 337526.41, "revenuePerCustomer" : 259417.21, "rank" : 24}, {"state" : "Uttar Pradesh", "city" : "Agra", "customerCount" : 717, "totalOrders" : 555, "totalRevenue" : 183889801.75, "avgOrderValue" : 331332.98, "revenuePerCustomer" : 256471.13, "rank" : 25}, {"state" : "Gujarat", "city" : "Surat", "customerCount" : 725, "totalOrders" : 568, "totalRevenue" : 182743875.54, "avgOrderValue" : 321732.18, "revenuePerCustomer" : 252060.52, "rank" : 26}, {"state" : "Uttar Pradesh", "city" : "Lucknow", "customerCount" : 683, "totalOrders" : 542, "totalRevenue" : 182581288.22, "avgOrderValue" : 336865.85, "revenuePerCustomer" : 267322.53, "rank" : 27}, {"state" : "Gujarat", "city" : "Gandhinagar", "customerCount" : 717, "totalOrders" : 529, "totalRevenue" : 181705334.68, "avgOrderValue" : 343488.35, "revenuePerCustomer" : 253424.46, "rank" : 28}, {"state" : "Tamil Nadu", "city" : "Erode", "customerCount" : 722, "totalOrders" : 532, "totalRevenue" : 181571938.78, "avgOrderValue" : 341300.64, "revenuePerCustomer" : 251484.68, "rank" : 29}, {"state" : "Punjab", "city" : "Patiala", "customerCount" : 741, "totalOrders" : 552, "totalRevenue" : 181261623.26, "avgOrderValue" : 328372.51, "revenuePerCustomer" : 244617.58, "rank" : 30}, {"state" : "West Bengal", "city" : "Howrah", "customerCount" : 682, "totalOrders" : 525, "totalRevenue" : 181175826.45, "avgOrderValue" : 345096.81, "revenuePerCustomer" : 265653.70, "rank" : 31}, {"state" : "Maharashtra", "city" : "Pune", "customerCount" : 727, "totalOrders" : 548, "totalRevenue" : 181033735.53, "avgOrderValue" : 330353.53, "revenuePerCustomer" : 249014.77, "rank" : 32}, {"state" : "Madhya Pradesh", "city" : "Gwalior", "customerCount" : 696, "totalOrders" : 535, "totalRevenue" : 180436229.23, "avgOrderValue" : 337263.98, "revenuePerCustomer" : 259247.46, "rank" : 33}, {"state" : "Maharashtra", "city" : "Mumbai", "customerCount" : 694, "totalOrders" : 529, "totalRevenue" : 180296758.73, "avgOrderValue" : 340825.63, "revenuePerCustomer" : 259793.60, "rank" : 34}, {"state" : "Meghalaya", "city" : "Shillong", "customerCount" : 686, "totalOrders" : 521, "totalRevenue" : 180117159.04, "avgOrderValue" : 345714.32, "revenuePerCustomer" : 262561.46, "rank" : 35}, {"state" : "Rajasthan", "city" : "Kota", "customerCount" : 720, "totalOrders" : 548, "totalRevenue" : 180008577.08, "avgOrderValue" : 328482.80, "revenuePerCustomer" : 250011.91, "rank" : 36}, {"state" : "West Bengal", "city" : "Siliguri", "customerCount" : 733, "totalOrders" : 540, "totalRevenue" : 179724950.48, "avgOrderValue" : 332823.98, "revenuePerCustomer" : 245190.93, "rank" : 37}, {"state" : "Madhya Pradesh", "city" : "Indore", "customerCount" : 725, "totalOrders" : 545, "totalRevenue" : 179320377.03, "avgOrderValue" : 329028.21, "revenuePerCustomer" : 247338.45, "rank" : 38}, {"state" : "Maharashtra", "city" : "Nagpur", "customerCount" : 732, "totalOrders" : 540, "totalRevenue" : 179268873.69, "avgOrderValue" : 331979.40, "revenuePerCustomer" : 244902.83, "rank" : 39}, {"state" : "Himachal Pradesh", "city" : "Shimla", "customerCount" : 712, "totalOrders" : 544, "totalRevenue" : 178887887.69, "avgOrderValue" : 328838.03, "revenuePerCustomer" : 251247.03, "rank" : 40}, {"state" : "Odisha", "city" : "Cuttack", "customerCount" : 682, "totalOrders" : 523, "totalRevenue" : 178800180.08, "avgOrderValue" : 341874.15, "revenuePerCustomer" : 262170.35, "rank" : 41}, {"state" : "Punjab", "city" : "Ludhiana", "customerCount" : 682, "totalOrders" : 539, "totalRevenue" : 178604595.86, "avgOrderValue" : 331362.89, "revenuePerCustomer" : 261883.57, "rank" : 42}, {"state" : "West Bengal", "city" : "Kolkata", "customerCount" : 714, "totalOrders" : 520, "totalRevenue" : 177987379.90, "avgOrderValue" : 342283.42, "revenuePerCustomer" : 249282.04, "rank" : 43}, {"state" : "Uttar Pradesh", "city" : "Varanasi", "customerCount" : 668, "totalOrders" : 540, "totalRevenue" : 177235594.32, "avgOrderValue" : 328214.06, "revenuePerCustomer" : 265322.75, "rank" : 44}, {"state" : "Jharkhand", "city" : "Jamshedpur", "customerCount" : 719, "totalOrders" : 508, "totalRevenue" : 176729924.04, "avgOrderValue" : 347893.55, "revenuePerCustomer" : 245799.62, "rank" : 45}, {"state" : "Chhattisgarh", "city" : "Bilaspur", "customerCount" : 738, "totalOrders" : 513, "totalRevenue" : 175562992.09, "avgOrderValue" : 342228.05, "revenuePerCustomer" : 237890.23, "rank" : 46}, {"state" : "Karnataka", "city" : "Mysuru", "customerCount" : 732, "totalOrders" : 547, "totalRevenue" : 175445280.02, "avgOrderValue" : 320740.91, "revenuePerCustomer" : 239679.34, "rank" : 47}, {"state" : "Tamil Nadu", "city" : "Chennai", "customerCount" : 710, "totalOrders" : 540, "totalRevenue" : 175287672.56, "avgOrderValue" : 324606.80, "revenuePerCustomer" : 246884.05, "rank" : 48}, {"state" : "Ladakh", "city" : "Leh", "customerCount" : 721, "totalOrders" : 553, "totalRevenue" : 174861291.25, "avgOrderValue" : 316204.87, "revenuePerCustomer" : 242526.06, "rank" : 49}, {"state" : "Karnataka", "city" : "Udupi", "customerCount" : 708, "totalOrders" : 526, "totalRevenue" : 174705436.69, "avgOrderValue" : 332139.61, "revenuePerCustomer" : 246759.09, "rank" : 50}, {"state" : "Uttar Pradesh", "city" : "Meerut", "customerCount" : 711, "totalOrders" : 514, "totalRevenue" : 174306228.43, "avgOrderValue" : 339117.18, "revenuePerCustomer" : 245156.44, "rank" : 51}, {"state" : "Goa", "city" : "Panaji", "customerCount" : 725, "totalOrders" : 523, "totalRevenue" : 173649129.14, "avgOrderValue" : 332025.10, "revenuePerCustomer" : 239516.04, "rank" : 52}, {"state" : "Telangana", "city" : "Hyderabad", "customerCount" : 687, "totalOrders" : 505, "totalRevenue" : 172337587.36, "avgOrderValue" : 341262.55, "revenuePerCustomer" : 250855.29, "rank" : 53}, {"state" : "Rajasthan", "city" : "Udaipur", "customerCount" : 712, "totalOrders" : 532, "totalRevenue" : 172072638.17, "avgOrderValue" : 323444.81, "revenuePerCustomer" : 241675.05, "rank" : 54}, {"state" : "Karnataka", "city" : "Mangalore", "customerCount" : 722, "totalOrders" : 508, "totalRevenue" : 171967069.77, "avgOrderValue" : 338517.85, "revenuePerCustomer" : 238181.54, "rank" : 55}, {"state" : "Delhi", "city" : "New Delhi", "customerCount" : 731, "totalOrders" : 537, "totalRevenue" : 171897207.59, "avgOrderValue" : 320106.53, "revenuePerCustomer" : 235153.50, "rank" : 56}, {"state" : "Tamil Nadu", "city" : "Coimbatore", "customerCount" : 712, "totalOrders" : 517, "totalRevenue" : 171682023.00, "avgOrderValue" : 332073.55, "revenuePerCustomer" : 241126.44, "rank" : 57}, {"state" : "Tamil Nadu", "city" : "Trichy", "customerCount" : 740, "totalOrders" : 505, "totalRevenue" : 169991957.35, "avgOrderValue" : 336617.74, "revenuePerCustomer" : 229718.86, "rank" : 58}, {"state" : "Uttar Pradesh", "city" : "Kanpur", "customerCount" : 699, "totalOrders" : 536, "totalRevenue" : 169984505.11, "avgOrderValue" : 317135.27, "revenuePerCustomer" : 243182.41, "rank" : 59}, {"state" : "Odisha", "city" : "Puri", "customerCount" : 676, "totalOrders" : 481, "totalRevenue" : 169366300.11, "avgOrderValue" : 352112.89, "revenuePerCustomer" : 250541.86, "rank" : 60}, {"state" : "Chhattisgarh", "city" : "Raipur", "customerCount" : 697, "totalOrders" : 500, "totalRevenue" : 168986959.43, "avgOrderValue" : 337973.92, "revenuePerCustomer" : 242449.01, "rank" : 61}, {"state" : "Jharkhand", "city" : "Dhanbad", "customerCount" : 669, "totalOrders" : 515, "totalRevenue" : 167969491.85, "avgOrderValue" : 326154.35, "revenuePerCustomer" : 251075.47, "rank" : 62}, {"state" : "Assam", "city" : "Guwahati", "customerCount" : 673, "totalOrders" : 484, "totalRevenue" : 163764963.86, "avgOrderValue" : 338357.36, "revenuePerCustomer" : 243335.76, "rank" : 63}, {"state" : "Jharkhand", "city" : "Ranchi", "customerCount" : 709, "totalOrders" : 504, "totalRevenue" : 163392253.39, "avgOrderValue" : 324190.98, "revenuePerCustomer" : 230454.52, "rank" : 64}, {"state" : "Manipur", "city" : "Imphal", "customerCount" : 705, "totalOrders" : 502, "totalRevenue" : 161695291.27, "avgOrderValue" : 322102.17, "revenuePerCustomer" : 229355.02, "rank" : 65}, {"state" : "Telangana", "city" : "Warangal", "customerCount" : 669, "totalOrders" : 500, "totalRevenue" : 161620936.77, "avgOrderValue" : 323241.87, "revenuePerCustomer" : 241585.85, "rank" : 66}, {"state" : "Uttarakhand", "city" : "Haridwar", "customerCount" : 700, "totalOrders" : 512, "totalRevenue" : 160263604.01, "avgOrderValue" : 313014.85, "revenuePerCustomer" : 228948.01, "rank" : 67}, {"state" : "Mizoram", "city" : "Aizawl", "customerCount" : 689, "totalOrders" : 476, "totalRevenue" : 158834477.63, "avgOrderValue" : 333685.88, "revenuePerCustomer" : 230529.00, "rank" : 68}, {"state" : "Gujarat", "city" : "Ahmedabad", "customerCount" : 665, "totalOrders" : 479, "totalRevenue" : 157688933.03, "avgOrderValue" : 329204.45, "revenuePerCustomer" : 237126.22, "rank" : 69}, {"state" : "Rajasthan", "city" : "Jodhpur", "customerCount" : 639, "totalOrders" : 443, "totalRevenue" : 151248719.12, "avgOrderValue" : 341419.23, "revenuePerCustomer" : 236695.96, "rank" : 70}]
