[{"segment" : "At Risk", "customerCount" : 20000, "totalRevenue" : 10250013140.73, "avgRecencyDays" : 247, "avgFrequency" : 1.5, "avgMonetary" : 512500.66, "recommendedAction" : "Send win-back campaign"}, {"segment" : "New Customers", "customerCount" : 20000, "totalRevenue" : null, "avgRecencyDays" : null, "avgFrequency" : 0.0, "avgMonetary" : null, "recommendedAction" : "Nurture with engagement"}, {"segment" : "Loyal Customers", "customerCount" : 4419, "totalRevenue" : 751750672.51, "avgRecencyDays" : 572, "avgFrequency" : 0.3, "avgMonetary" : 877188.65, "recommendedAction" : "Monitor and engage"}, {"segment" : "Need Attention", "customerCount" : 3638, "totalRevenue" : 713874825.66, "avgRecencyDays" : 583, "avgFrequency" : 1.1, "avgMonetary" : 196227.27, "recommendedAction" : "Monitor and engage"}, {"segment" : "Potential Loyalists", "customerCount" : 1943, "totalRevenue" : 928980070.45, "avgRecencyDays" : 588, "avgFrequency" : 1.0, "avgMonetary" : 478116.35, "recommendedAction" : "Monitor and engage"}]
